2026-09-17T14:28:49.398-04:00  INFO 19540 --- [libraryapi] [main] i.g.c.libraryapi.ApplicationTests        : Starting ApplicationTests using Java 21.0.8 with PID 19540 (started by mayco in C:\Users\mayco\IdeaProjects\curso-spring-boot-especialista\libraryapi)
2026-09-17T14:28:49.400-04:00 DEBUG 19540 --- [libraryapi] [main] i.g.c.libraryapi.ApplicationTests        : Running with Spring Boot v3.3.4, Spring v6.1.13
2026-09-17T14:28:49.400-04:00  INFO 19540 --- [libraryapi] [main] i.g.c.libraryapi.ApplicationTests        : No active profile set, falling back to 1 default profile: "default"
2026-09-17T14:28:49.423-04:00 DEBUG 19540 --- [libraryapi] [main] o.s.w.c.s.GenericWebApplicationContext   : Refreshing org.springframework.web.context.support.GenericWebApplicationContext@d0ec63
2026-09-17T14:28:51.285-04:00  INFO 19540 --- [libraryapi] [main] i.g.c.l.config.DatabaseConfiguration     : Iniciando conexão com o banco na URL: jdbc:postgresql://localhost:5432/library
2026-09-17T14:28:51.452-04:00  WARN 19540 --- [libraryapi] [main] com.zaxxer.hikari.HikariConfig           : library-db-pool - idleTimeout is close to or more than maxLifetime, disabling it.
2026-09-17T14:28:54.194-04:00  WARN 19540 --- [libraryapi] [main] JpaBaseConfiguration$JpaWebConfiguration : spring.jpa.open-in-view is enabled by default. Therefore, database queries may be performed during view rendering. Explicitly configure spring.jpa.open-in-view to disable this warning
2026-09-17T14:28:54.221-04:00 TRACE 19540 --- [libraryapi] [main] eGlobalAuthenticationAutowiredConfigurer : Eagerly initializing {authorizationServerConfiguration=io.github.cursodsousa.libraryapi.config.AuthorizationServerConfiguration$$SpringCGLIB$$0@54c1878b, securityConfiguration=io.github.cursodsousa.libraryapi.config.SecurityConfiguration$$SpringCGLIB$$0@2e895acb}
2026-09-17T14:28:54.224-04:00  INFO 19540 --- [libraryapi] [main] eAuthenticationProviderManagerConfigurer : Global AuthenticationManager configured with AuthenticationProvider bean with name customAuthenticationProvider
2026-09-17T14:28:54.505-04:00 DEBUG 19540 --- [libraryapi] [main] s.w.s.m.m.a.RequestMappingHandlerMapping : 21 mappings in 'requestMappingHandlerMapping'
2026-09-17T14:28:54.523-04:00 DEBUG 19540 --- [libraryapi] [main] o.s.w.s.handler.SimpleUrlHandlerMapping  : Patterns [/login] in 'viewControllerHandlerMapping'
2026-09-17T14:28:54.654-04:00 DEBUG 19540 --- [libraryapi] [main] o.s.w.s.handler.SimpleUrlHandlerMapping  : Patterns [/swagger-ui*/*swagger-initializer.js, /swagger-ui*/**] in 'resourceHandlerMapping'
2026-09-17T14:28:55.669-04:00 DEBUG 19540 --- [libraryapi] [main] o.s.s.web.DefaultSecurityFilterChain     : Will secure org.springframework.security.oauth2.server.authorization.config.annotation.web.configurers.OAuth2AuthorizationServerConfigurer$$Lambda/0x00000279bfb37040@2f474e6f with filters: DisableEncodeUrlFilter, WebAsyncManagerIntegrationFilter, SecurityContextHolderFilter, AuthorizationServerContextFilter, HeaderWriterFilter, CsrfFilter, OidcLogoutEndpointFilter, LogoutFilter, OAuth2AuthorizationServerMetadataEndpointFilter, OAuth2AuthorizationEndpointFilter, OAuth2DeviceVerificationEndpointFilter, OidcProviderConfigurationEndpointFilter, NimbusJwkSetEndpointFilter, OAuth2ClientAuthenticationFilter, UsernamePasswordAuthenticationFilter, BearerTokenAuthenticationFilter, RequestCacheAwareFilter, SecurityContextHolderAwareRequestFilter, AnonymousAuthenticationFilter, ExceptionTranslationFilter, AuthorizationFilter, OAuth2TokenEndpointFilter, OAuth2TokenIntrospectionEndpointFilter, OAuth2TokenRevocationEndpointFilter, OAuth2DeviceAuthorizationEndpointFilter, OidcUserInfoEndpointFilter
2026-09-17T14:28:55.700-04:00 DEBUG 19540 --- [libraryapi] [main] o.s.s.web.DefaultSecurityFilterChain     : Will secure any request with filters: DisableEncodeUrlFilter, WebAsyncManagerIntegrationFilter, SecurityContextHolderFilter, HeaderWriterFilter, LogoutFilter, OAuth2AuthorizationRequestRedirectFilter, OAuth2LoginAuthenticationFilter, UsernamePasswordAuthenticationFilter, BearerTokenAuthenticationFilter, JwtCustomAuthenticationFilter, RequestCacheAwareFilter, SecurityContextHolderAwareRequestFilter, AnonymousAuthenticationFilter, ExceptionTranslationFilter, AuthorizationFilter
2026-09-17T14:28:55.707-04:00  WARN 19540 --- [libraryapi] [main] o.s.s.c.a.web.builders.WebSecurity       : You are asking Spring Security to ignore Deferred [Mvc [pattern='/v2/api-docs/**'], Ant [pattern='/v2/api-docs/**']]. This is not recommended -- please use permitAll via HttpSecurity#authorizeHttpRequests instead.
2026-09-17T14:28:55.708-04:00 DEBUG 19540 --- [libraryapi] [main] o.s.s.web.DefaultSecurityFilterChain     : Will not secure Deferred [Mvc [pattern='/v2/api-docs/**'], Ant [pattern='/v2/api-docs/**']]
2026-09-17T14:28:55.708-04:00  WARN 19540 --- [libraryapi] [main] o.s.s.c.a.web.builders.WebSecurity       : You are asking Spring Security to ignore Deferred [Mvc [pattern='/v3/api-docs/**'], Ant [pattern='/v3/api-docs/**']]. This is not recommended -- please use permitAll via HttpSecurity#authorizeHttpRequests instead.
2026-09-17T14:28:55.708-04:00 DEBUG 19540 --- [libraryapi] [main] o.s.s.web.DefaultSecurityFilterChain     : Will not secure Deferred [Mvc [pattern='/v3/api-docs/**'], Ant [pattern='/v3/api-docs/**']]
2026-09-17T14:28:55.708-04:00  WARN 19540 --- [libraryapi] [main] o.s.s.c.a.web.builders.WebSecurity       : You are asking Spring Security to ignore Deferred [Mvc [pattern='/swagger-resources/**'], Ant [pattern='/swagger-resources/**']]. This is not recommended -- please use permitAll via HttpSecurity#authorizeHttpRequests instead.
2026-09-17T14:28:55.708-04:00 DEBUG 19540 --- [libraryapi] [main] o.s.s.web.DefaultSecurityFilterChain     : Will not secure Deferred [Mvc [pattern='/swagger-resources/**'], Ant [pattern='/swagger-resources/**']]
2026-09-17T14:28:55.708-04:00  WARN 19540 --- [libraryapi] [main] o.s.s.c.a.web.builders.WebSecurity       : You are asking Spring Security to ignore Deferred [Mvc [pattern='/swagger-ui.html'], Ant [pattern='/swagger-ui.html']]. This is not recommended -- please use permitAll via HttpSecurity#authorizeHttpRequests instead.
2026-09-17T14:28:55.708-04:00 DEBUG 19540 --- [libraryapi] [main] o.s.s.web.DefaultSecurityFilterChain     : Will not secure Deferred [Mvc [pattern='/swagger-ui.html'], Ant [pattern='/swagger-ui.html']]
2026-09-17T14:28:55.708-04:00  WARN 19540 --- [libraryapi] [main] o.s.s.c.a.web.builders.WebSecurity       : You are asking Spring Security to ignore Deferred [Mvc [pattern='/swagger-ui/**'], Ant [pattern='/swagger-ui/**']]. This is not recommended -- please use permitAll via HttpSecurity#authorizeHttpRequests instead.
2026-09-17T14:28:55.709-04:00 DEBUG 19540 --- [libraryapi] [main] o.s.s.web.DefaultSecurityFilterChain     : Will not secure Deferred [Mvc [pattern='/swagger-ui/**'], Ant [pattern='/swagger-ui/**']]
2026-09-17T14:28:55.709-04:00  WARN 19540 --- [libraryapi] [main] o.s.s.c.a.web.builders.WebSecurity       : You are asking Spring Security to ignore Deferred [Mvc [pattern='/webjars/**'], Ant [pattern='/webjars/**']]. This is not recommended -- please use permitAll via HttpSecurity#authorizeHttpRequests instead.
2026-09-17T14:28:55.709-04:00 DEBUG 19540 --- [libraryapi] [main] o.s.s.web.DefaultSecurityFilterChain     : Will not secure Deferred [Mvc [pattern='/webjars/**'], Ant [pattern='/webjars/**']]
2026-09-17T14:28:55.709-04:00  WARN 19540 --- [libraryapi] [main] o.s.s.c.a.web.builders.WebSecurity       : You are asking Spring Security to ignore Deferred [Mvc [pattern='/actuator/**'], Ant [pattern='/actuator/**']]. This is not recommended -- please use permitAll via HttpSecurity#authorizeHttpRequests instead.
2026-09-17T14:28:55.709-04:00 DEBUG 19540 --- [libraryapi] [main] o.s.s.web.DefaultSecurityFilterChain     : Will not secure Deferred [Mvc [pattern='/actuator/**'], Ant [pattern='/actuator/**']]
2026-09-17T14:28:55.752-04:00 DEBUG 19540 --- [libraryapi] [main] s.w.s.m.m.a.RequestMappingHandlerAdapter : ControllerAdvice beans: 0 @ModelAttribute, 0 @InitBinder, 1 RequestBodyAdvice, 1 ResponseBodyAdvice
2026-09-17T14:28:55.779-04:00 DEBUG 19540 --- [libraryapi] [main] .m.m.a.ExceptionHandlerExceptionResolver : ControllerAdvice beans: 2 @ExceptionHandler, 1 ResponseBodyAdvice
2026-09-17T14:28:56.171-04:00  INFO 19540 --- [libraryapi] [main] i.g.c.libraryapi.ApplicationTests        : Started ApplicationTests in 7.01 seconds (process running for 7.953)
2026-09-17T14:28:56.939-04:00  WARN 19540 --- [libraryapi] [main] o.h.engine.jdbc.spi.SqlExceptionHelper   : SQL Error: 0, SQLState: 23502
2026-09-17T14:28:56.939-04:00 ERROR 19540 --- [libraryapi] [main] o.h.engine.jdbc.spi.SqlExceptionHelper   : ERROR: null value in column "id_autor" of relation "livro" violates not-null constraint
  Detalhe: Failing row contains (3ba07f2a-44ac-4f27-beb8-7ca037585dd3, 90887-84874, Ciencias, 1980-01-02, CIENCIA, 100.00, 2026-09-17 14:28:56.931046, 2026-09-17 14:28:56.931046, null, null).
2026-09-17T14:28:57.108-04:00 DEBUG 19540 --- [libraryapi] [SpringApplicationShutdownHook] o.s.w.c.s.GenericWebApplicationContext   : Closing org.springframework.web.context.support.GenericWebApplicationContext@d0ec63, started on Thu Sep 17 14:28:49 AMT 2026
2026-09-17T14:34:03.478-04:00  INFO 5684 --- [libraryapi] [main] i.g.c.libraryapi.ApplicationTests        : Starting ApplicationTests using Java 21.0.8 with PID 5684 (started by mayco in C:\Users\mayco\IdeaProjects\curso-spring-boot-especialista\libraryapi)
2026-09-17T14:34:03.479-04:00 DEBUG 5684 --- [libraryapi] [main] i.g.c.libraryapi.ApplicationTests        : Running with Spring Boot v3.3.4, Spring v6.1.13
2026-09-17T14:34:03.479-04:00  INFO 5684 --- [libraryapi] [main] i.g.c.libraryapi.ApplicationTests        : No active profile set, falling back to 1 default profile: "default"
2026-09-17T14:34:03.502-04:00 DEBUG 5684 --- [libraryapi] [main] o.s.w.c.s.GenericWebApplicationContext   : Refreshing org.springframework.web.context.support.GenericWebApplicationContext@d0ec63
2026-09-17T14:34:05.061-04:00  INFO 5684 --- [libraryapi] [main] i.g.c.l.config.DatabaseConfiguration     : Iniciando conexão com o banco na URL: jdbc:postgresql://localhost:5432/library
2026-09-17T14:34:05.070-04:00  WARN 5684 --- [libraryapi] [main] com.zaxxer.hikari.HikariConfig           : library-db-pool - idleTimeout is close to or more than maxLifetime, disabling it.
2026-09-17T14:34:07.569-04:00  WARN 5684 --- [libraryapi] [main] JpaBaseConfiguration$JpaWebConfiguration : spring.jpa.open-in-view is enabled by default. Therefore, database queries may be performed during view rendering. Explicitly configure spring.jpa.open-in-view to disable this warning
2026-09-17T14:34:07.595-04:00 TRACE 5684 --- [libraryapi] [main] eGlobalAuthenticationAutowiredConfigurer : Eagerly initializing {authorizationServerConfiguration=io.github.cursodsousa.libraryapi.config.AuthorizationServerConfiguration$$SpringCGLIB$$0@27f6e2c3, securityConfiguration=io.github.cursodsousa.libraryapi.config.SecurityConfiguration$$SpringCGLIB$$0@5d1d05ff}
2026-09-17T14:34:07.597-04:00  INFO 5684 --- [libraryapi] [main] eAuthenticationProviderManagerConfigurer : Global AuthenticationManager configured with AuthenticationProvider bean with name customAuthenticationProvider
2026-09-17T14:34:07.849-04:00 DEBUG 5684 --- [libraryapi] [main] s.w.s.m.m.a.RequestMappingHandlerMapping : 21 mappings in 'requestMappingHandlerMapping'
2026-09-17T14:34:07.871-04:00 DEBUG 5684 --- [libraryapi] [main] o.s.w.s.handler.SimpleUrlHandlerMapping  : Patterns [/login] in 'viewControllerHandlerMapping'
2026-09-17T14:34:08.037-04:00 DEBUG 5684 --- [libraryapi] [main] o.s.w.s.handler.SimpleUrlHandlerMapping  : Patterns [/swagger-ui*/*swagger-initializer.js, /swagger-ui*/**] in 'resourceHandlerMapping'
2026-09-17T14:34:08.695-04:00 DEBUG 5684 --- [libraryapi] [main] o.s.s.web.DefaultSecurityFilterChain     : Will secure org.springframework.security.oauth2.server.authorization.config.annotation.web.configurers.OAuth2AuthorizationServerConfigurer$$Lambda/0x0000019dcdb332a0@7817824d with filters: DisableEncodeUrlFilter, WebAsyncManagerIntegrationFilter, SecurityContextHolderFilter, AuthorizationServerContextFilter, HeaderWriterFilter, CsrfFilter, OidcLogoutEndpointFilter, LogoutFilter, OAuth2AuthorizationServerMetadataEndpointFilter, OAuth2AuthorizationEndpointFilter, OAuth2DeviceVerificationEndpointFilter, OidcProviderConfigurationEndpointFilter, NimbusJwkSetEndpointFilter, OAuth2ClientAuthenticationFilter, UsernamePasswordAuthenticationFilter, BearerTokenAuthenticationFilter, RequestCacheAwareFilter, SecurityContextHolderAwareRequestFilter, AnonymousAuthenticationFilter, ExceptionTranslationFilter, AuthorizationFilter, OAuth2TokenEndpointFilter, OAuth2TokenIntrospectionEndpointFilter, OAuth2TokenRevocationEndpointFilter, OAuth2DeviceAuthorizationEndpointFilter, OidcUserInfoEndpointFilter
2026-09-17T14:34:08.728-04:00 DEBUG 5684 --- [libraryapi] [main] o.s.s.web.DefaultSecurityFilterChain     : Will secure any request with filters: DisableEncodeUrlFilter, WebAsyncManagerIntegrationFilter, SecurityContextHolderFilter, HeaderWriterFilter, LogoutFilter, OAuth2AuthorizationRequestRedirectFilter, OAuth2LoginAuthenticationFilter, UsernamePasswordAuthenticationFilter, BearerTokenAuthenticationFilter, JwtCustomAuthenticationFilter, RequestCacheAwareFilter, SecurityContextHolderAwareRequestFilter, AnonymousAuthenticationFilter, ExceptionTranslationFilter, AuthorizationFilter
2026-09-17T14:34:08.735-04:00  WARN 5684 --- [libraryapi] [main] o.s.s.c.a.web.builders.WebSecurity       : You are asking Spring Security to ignore Deferred [Mvc [pattern='/v2/api-docs/**'], Ant [pattern='/v2/api-docs/**']]. This is not recommended -- please use permitAll via HttpSecurity#authorizeHttpRequests instead.
2026-09-17T14:34:08.735-04:00 DEBUG 5684 --- [libraryapi] [main] o.s.s.web.DefaultSecurityFilterChain     : Will not secure Deferred [Mvc [pattern='/v2/api-docs/**'], Ant [pattern='/v2/api-docs/**']]
2026-09-17T14:34:08.736-04:00  WARN 5684 --- [libraryapi] [main] o.s.s.c.a.web.builders.WebSecurity       : You are asking Spring Security to ignore Deferred [Mvc [pattern='/v3/api-docs/**'], Ant [pattern='/v3/api-docs/**']]. This is not recommended -- please use permitAll via HttpSecurity#authorizeHttpRequests instead.
2026-09-17T14:34:08.736-04:00 DEBUG 5684 --- [libraryapi] [main] o.s.s.web.DefaultSecurityFilterChain     : Will not secure Deferred [Mvc [pattern='/v3/api-docs/**'], Ant [pattern='/v3/api-docs/**']]
2026-09-17T14:34:08.736-04:00  WARN 5684 --- [libraryapi] [main] o.s.s.c.a.web.builders.WebSecurity       : You are asking Spring Security to ignore Deferred [Mvc [pattern='/swagger-resources/**'], Ant [pattern='/swagger-resources/**']]. This is not recommended -- please use permitAll via HttpSecurity#authorizeHttpRequests instead.
2026-09-17T14:34:08.736-04:00 DEBUG 5684 --- [libraryapi] [main] o.s.s.web.DefaultSecurityFilterChain     : Will not secure Deferred [Mvc [pattern='/swagger-resources/**'], Ant [pattern='/swagger-resources/**']]
2026-09-17T14:34:08.736-04:00  WARN 5684 --- [libraryapi] [main] o.s.s.c.a.web.builders.WebSecurity       : You are asking Spring Security to ignore Deferred [Mvc [pattern='/swagger-ui.html'], Ant [pattern='/swagger-ui.html']]. This is not recommended -- please use permitAll via HttpSecurity#authorizeHttpRequests instead.
2026-09-17T14:34:08.736-04:00 DEBUG 5684 --- [libraryapi] [main] o.s.s.web.DefaultSecurityFilterChain     : Will not secure Deferred [Mvc [pattern='/swagger-ui.html'], Ant [pattern='/swagger-ui.html']]
2026-09-17T14:34:08.736-04:00  WARN 5684 --- [libraryapi] [main] o.s.s.c.a.web.builders.WebSecurity       : You are asking Spring Security to ignore Deferred [Mvc [pattern='/swagger-ui/**'], Ant [pattern='/swagger-ui/**']]. This is not recommended -- please use permitAll via HttpSecurity#authorizeHttpRequests instead.
2026-09-17T14:34:08.736-04:00 DEBUG 5684 --- [libraryapi] [main] o.s.s.web.DefaultSecurityFilterChain     : Will not secure Deferred [Mvc [pattern='/swagger-ui/**'], Ant [pattern='/swagger-ui/**']]
2026-09-17T14:34:08.736-04:00  WARN 5684 --- [libraryapi] [main] o.s.s.c.a.web.builders.WebSecurity       : You are asking Spring Security to ignore Deferred [Mvc [pattern='/webjars/**'], Ant [pattern='/webjars/**']]. This is not recommended -- please use permitAll via HttpSecurity#authorizeHttpRequests instead.
2026-09-17T14:34:08.736-04:00 DEBUG 5684 --- [libraryapi] [main] o.s.s.web.DefaultSecurityFilterChain     : Will not secure Deferred [Mvc [pattern='/webjars/**'], Ant [pattern='/webjars/**']]
2026-09-17T14:34:08.736-04:00  WARN 5684 --- [libraryapi] [main] o.s.s.c.a.web.builders.WebSecurity       : You are asking Spring Security to ignore Deferred [Mvc [pattern='/actuator/**'], Ant [pattern='/actuator/**']]. This is not recommended -- please use permitAll via HttpSecurity#authorizeHttpRequests instead.
2026-09-17T14:34:08.737-04:00 DEBUG 5684 --- [libraryapi] [main] o.s.s.web.DefaultSecurityFilterChain     : Will not secure Deferred [Mvc [pattern='/actuator/**'], Ant [pattern='/actuator/**']]
2026-09-17T14:34:08.781-04:00 DEBUG 5684 --- [libraryapi] [main] s.w.s.m.m.a.RequestMappingHandlerAdapter : ControllerAdvice beans: 0 @ModelAttribute, 0 @InitBinder, 1 RequestBodyAdvice, 1 ResponseBodyAdvice
2026-09-17T14:34:08.811-04:00 DEBUG 5684 --- [libraryapi] [main] .m.m.a.ExceptionHandlerExceptionResolver : ControllerAdvice beans: 2 @ExceptionHandler, 1 ResponseBodyAdvice
2026-09-17T14:34:09.231-04:00  INFO 5684 --- [libraryapi] [main] i.g.c.libraryapi.ApplicationTests        : Started ApplicationTests in 5.994 seconds (process running for 6.783)
2026-09-17T14:34:09.932-04:00  WARN 5684 --- [libraryapi] [main] o.h.engine.jdbc.spi.SqlExceptionHelper   : SQL Error: 0, SQLState: 23502
2026-09-17T14:34:09.932-04:00 ERROR 5684 --- [libraryapi] [main] o.h.engine.jdbc.spi.SqlExceptionHelper   : ERROR: null value in column "id_autor" of relation "livro" violates not-null constraint
  Detalhe: Failing row contains (3338c6b7-5ea2-415b-8a39-5da5d6afa47f, 90887-84874, Ciencias, 1980-01-02, CIENCIA, 100.00, 2026-09-17 14:34:09.924854, 2026-09-17 14:34:09.924854, null, null).
2026-09-17T14:34:09.964-04:00  WARN 5684 --- [libraryapi] [main] o.h.engine.jdbc.spi.SqlExceptionHelper   : SQL Error: 0, SQLState: 23505
2026-09-17T14:34:09.965-04:00 ERROR 5684 --- [libraryapi] [main] o.h.engine.jdbc.spi.SqlExceptionHelper   : ERROR: duplicate key value violates unique constraint "livro_isbn_key"
  Detalhe: Key (isbn)=(90887-84874) already exists.
2026-09-17T14:34:10.083-04:00 DEBUG 5684 --- [libraryapi] [SpringApplicationShutdownHook] o.s.w.c.s.GenericWebApplicationContext   : Closing org.springframework.web.context.support.GenericWebApplicationContext@d0ec63, started on Thu Sep 17 14:34:03 AMT 2026
2026-09-17T14:36:09.233-04:00  INFO 16912 --- [libraryapi] [main] i.g.c.libraryapi.ApplicationTests        : Starting ApplicationTests using Java 21.0.8 with PID 16912 (started by mayco in C:\Users\mayco\IdeaProjects\curso-spring-boot-especialista\libraryapi)
2026-09-17T14:36:09.234-04:00 DEBUG 16912 --- [libraryapi] [main] i.g.c.libraryapi.ApplicationTests        : Running with Spring Boot v3.3.4, Spring v6.1.13
2026-09-17T14:36:09.235-04:00  INFO 16912 --- [libraryapi] [main] i.g.c.libraryapi.ApplicationTests        : No active profile set, falling back to 1 default profile: "default"
2026-09-17T14:36:09.258-04:00 DEBUG 16912 --- [libraryapi] [main] o.s.w.c.s.GenericWebApplicationContext   : Refreshing org.springframework.web.context.support.GenericWebApplicationContext@d0ec63
2026-09-17T14:36:10.815-04:00  INFO 16912 --- [libraryapi] [main] i.g.c.l.config.DatabaseConfiguration     : Iniciando conexão com o banco na URL: jdbc:postgresql://localhost:5432/library
2026-09-17T14:36:10.821-04:00  WARN 16912 --- [libraryapi] [main] com.zaxxer.hikari.HikariConfig           : library-db-pool - idleTimeout is close to or more than maxLifetime, disabling it.
2026-09-17T14:36:13.600-04:00  WARN 16912 --- [libraryapi] [main] JpaBaseConfiguration$JpaWebConfiguration : spring.jpa.open-in-view is enabled by default. Therefore, database queries may be performed during view rendering. Explicitly configure spring.jpa.open-in-view to disable this warning
2026-09-17T14:36:13.636-04:00 TRACE 16912 --- [libraryapi] [main] eGlobalAuthenticationAutowiredConfigurer : Eagerly initializing {authorizationServerConfiguration=io.github.cursodsousa.libraryapi.config.AuthorizationServerConfiguration$$SpringCGLIB$$0@24ffe853, securityConfiguration=io.github.cursodsousa.libraryapi.config.SecurityConfiguration$$SpringCGLIB$$0@7c16cc25}
2026-09-17T14:36:13.641-04:00  INFO 16912 --- [libraryapi] [main] eAuthenticationProviderManagerConfigurer : Global AuthenticationManager configured with AuthenticationProvider bean with name customAuthenticationProvider
2026-09-17T14:36:14.040-04:00 DEBUG 16912 --- [libraryapi] [main] s.w.s.m.m.a.RequestMappingHandlerMapping : 21 mappings in 'requestMappingHandlerMapping'
2026-09-17T14:36:14.060-04:00 DEBUG 16912 --- [libraryapi] [main] o.s.w.s.handler.SimpleUrlHandlerMapping  : Patterns [/login] in 'viewControllerHandlerMapping'
2026-09-17T14:36:14.234-04:00 DEBUG 16912 --- [libraryapi] [main] o.s.w.s.handler.SimpleUrlHandlerMapping  : Patterns [/swagger-ui*/*swagger-initializer.js, /swagger-ui*/**] in 'resourceHandlerMapping'
2026-09-17T14:36:14.852-04:00 DEBUG 16912 --- [libraryapi] [main] o.s.s.web.DefaultSecurityFilterChain     : Will secure org.springframework.security.oauth2.server.authorization.config.annotation.web.configurers.OAuth2AuthorizationServerConfigurer$$Lambda/0x0000023cd4b360e8@6e8d3d43 with filters: DisableEncodeUrlFilter, WebAsyncManagerIntegrationFilter, SecurityContextHolderFilter, AuthorizationServerContextFilter, HeaderWriterFilter, CsrfFilter, OidcLogoutEndpointFilter, LogoutFilter, OAuth2AuthorizationServerMetadataEndpointFilter, OAuth2AuthorizationEndpointFilter, OAuth2DeviceVerificationEndpointFilter, OidcProviderConfigurationEndpointFilter, NimbusJwkSetEndpointFilter, OAuth2ClientAuthenticationFilter, UsernamePasswordAuthenticationFilter, BearerTokenAuthenticationFilter, RequestCacheAwareFilter, SecurityContextHolderAwareRequestFilter, AnonymousAuthenticationFilter, ExceptionTranslationFilter, AuthorizationFilter, OAuth2TokenEndpointFilter, OAuth2TokenIntrospectionEndpointFilter, OAuth2TokenRevocationEndpointFilter, OAuth2DeviceAuthorizationEndpointFilter, OidcUserInfoEndpointFilter
2026-09-17T14:36:14.886-04:00 DEBUG 16912 --- [libraryapi] [main] o.s.s.web.DefaultSecurityFilterChain     : Will secure any request with filters: DisableEncodeUrlFilter, WebAsyncManagerIntegrationFilter, SecurityContextHolderFilter, HeaderWriterFilter, LogoutFilter, OAuth2AuthorizationRequestRedirectFilter, OAuth2LoginAuthenticationFilter, UsernamePasswordAuthenticationFilter, BearerTokenAuthenticationFilter, JwtCustomAuthenticationFilter, RequestCacheAwareFilter, SecurityContextHolderAwareRequestFilter, AnonymousAuthenticationFilter, ExceptionTranslationFilter, AuthorizationFilter
2026-09-17T14:36:14.894-04:00  WARN 16912 --- [libraryapi] [main] o.s.s.c.a.web.builders.WebSecurity       : You are asking Spring Security to ignore Deferred [Mvc [pattern='/v2/api-docs/**'], Ant [pattern='/v2/api-docs/**']]. This is not recommended -- please use permitAll via HttpSecurity#authorizeHttpRequests instead.
2026-09-17T14:36:14.894-04:00 DEBUG 16912 --- [libraryapi] [main] o.s.s.web.DefaultSecurityFilterChain     : Will not secure Deferred [Mvc [pattern='/v2/api-docs/**'], Ant [pattern='/v2/api-docs/**']]
2026-09-17T14:36:14.895-04:00  WARN 16912 --- [libraryapi] [main] o.s.s.c.a.web.builders.WebSecurity       : You are asking Spring Security to ignore Deferred [Mvc [pattern='/v3/api-docs/**'], Ant [pattern='/v3/api-docs/**']]. This is not recommended -- please use permitAll via HttpSecurity#authorizeHttpRequests instead.
2026-09-17T14:36:14.895-04:00 DEBUG 16912 --- [libraryapi] [main] o.s.s.web.DefaultSecurityFilterChain     : Will not secure Deferred [Mvc [pattern='/v3/api-docs/**'], Ant [pattern='/v3/api-docs/**']]
2026-09-17T14:36:14.895-04:00  WARN 16912 --- [libraryapi] [main] o.s.s.c.a.web.builders.WebSecurity       : You are asking Spring Security to ignore Deferred [Mvc [pattern='/swagger-resources/**'], Ant [pattern='/swagger-resources/**']]. This is not recommended -- please use permitAll via HttpSecurity#authorizeHttpRequests instead.
2026-09-17T14:36:14.895-04:00 DEBUG 16912 --- [libraryapi] [main] o.s.s.web.DefaultSecurityFilterChain     : Will not secure Deferred [Mvc [pattern='/swagger-resources/**'], Ant [pattern='/swagger-resources/**']]
2026-09-17T14:36:14.895-04:00  WARN 16912 --- [libraryapi] [main] o.s.s.c.a.web.builders.WebSecurity       : You are asking Spring Security to ignore Deferred [Mvc [pattern='/swagger-ui.html'], Ant [pattern='/swagger-ui.html']]. This is not recommended -- please use permitAll via HttpSecurity#authorizeHttpRequests instead.
2026-09-17T14:36:14.896-04:00 DEBUG 16912 --- [libraryapi] [main] o.s.s.web.DefaultSecurityFilterChain     : Will not secure Deferred [Mvc [pattern='/swagger-ui.html'], Ant [pattern='/swagger-ui.html']]
2026-09-17T14:36:14.896-04:00  WARN 16912 --- [libraryapi] [main] o.s.s.c.a.web.builders.WebSecurity       : You are asking Spring Security to ignore Deferred [Mvc [pattern='/swagger-ui/**'], Ant [pattern='/swagger-ui/**']]. This is not recommended -- please use permitAll via HttpSecurity#authorizeHttpRequests instead.
2026-09-17T14:36:14.896-04:00 DEBUG 16912 --- [libraryapi] [main] o.s.s.web.DefaultSecurityFilterChain     : Will not secure Deferred [Mvc [pattern='/swagger-ui/**'], Ant [pattern='/swagger-ui/**']]
2026-09-17T14:36:14.896-04:00  WARN 16912 --- [libraryapi] [main] o.s.s.c.a.web.builders.WebSecurity       : You are asking Spring Security to ignore Deferred [Mvc [pattern='/webjars/**'], Ant [pattern='/webjars/**']]. This is not recommended -- please use permitAll via HttpSecurity#authorizeHttpRequests instead.
2026-09-17T14:36:14.896-04:00 DEBUG 16912 --- [libraryapi] [main] o.s.s.web.DefaultSecurityFilterChain     : Will not secure Deferred [Mvc [pattern='/webjars/**'], Ant [pattern='/webjars/**']]
2026-09-17T14:36:14.896-04:00  WARN 16912 --- [libraryapi] [main] o.s.s.c.a.web.builders.WebSecurity       : You are asking Spring Security to ignore Deferred [Mvc [pattern='/actuator/**'], Ant [pattern='/actuator/**']]. This is not recommended -- please use permitAll via HttpSecurity#authorizeHttpRequests instead.
2026-09-17T14:36:14.896-04:00 DEBUG 16912 --- [libraryapi] [main] o.s.s.web.DefaultSecurityFilterChain     : Will not secure Deferred [Mvc [pattern='/actuator/**'], Ant [pattern='/actuator/**']]
2026-09-17T14:36:14.954-04:00 DEBUG 16912 --- [libraryapi] [main] s.w.s.m.m.a.RequestMappingHandlerAdapter : ControllerAdvice beans: 0 @ModelAttribute, 0 @InitBinder, 1 RequestBodyAdvice, 1 ResponseBodyAdvice
2026-09-17T14:36:14.980-04:00 DEBUG 16912 --- [libraryapi] [main] .m.m.a.ExceptionHandlerExceptionResolver : ControllerAdvice beans: 2 @ExceptionHandler, 1 ResponseBodyAdvice
2026-09-17T14:36:15.415-04:00  INFO 16912 --- [libraryapi] [main] i.g.c.libraryapi.ApplicationTests        : Started ApplicationTests in 6.448 seconds (process running for 7.541)
2026-09-17T14:36:16.208-04:00  WARN 16912 --- [libraryapi] [main] o.h.engine.jdbc.spi.SqlExceptionHelper   : SQL Error: 0, SQLState: 23502
2026-09-17T14:36:16.208-04:00 ERROR 16912 --- [libraryapi] [main] o.h.engine.jdbc.spi.SqlExceptionHelper   : ERROR: null value in column "id_autor" of relation "livro" violates not-null constraint
  Detalhe: Failing row contains (68d7c292-83c2-4ead-a589-2aae3335b1c4, 90887-84874, Ciencias, 1980-01-02, CIENCIA, 100.00, 2026-09-17 14:36:16.19969, 2026-09-17 14:36:16.19969, null, null).
2026-09-17T14:36:16.238-04:00  WARN 16912 --- [libraryapi] [main] o.h.engine.jdbc.spi.SqlExceptionHelper   : SQL Error: 0, SQLState: 23505
2026-09-17T14:36:16.239-04:00 ERROR 16912 --- [libraryapi] [main] o.h.engine.jdbc.spi.SqlExceptionHelper   : ERROR: duplicate key value violates unique constraint "livro_isbn_key"
  Detalhe: Key (isbn)=(90887-84874) already exists.
2026-09-17T14:36:16.379-04:00 DEBUG 16912 --- [libraryapi] [SpringApplicationShutdownHook] o.s.w.c.s.GenericWebApplicationContext   : Closing org.springframework.web.context.support.GenericWebApplicationContext@d0ec63, started on Thu Sep 17 14:36:09 AMT 2026
2026-09-17T14:36:19.285-04:00  INFO 34668 --- [libraryapi] [main] i.g.c.libraryapi.ApplicationTests        : Starting ApplicationTests using Java 21.0.8 with PID 34668 (started by mayco in C:\Users\mayco\IdeaProjects\curso-spring-boot-especialista\libraryapi)
2026-09-17T14:36:19.286-04:00 DEBUG 34668 --- [libraryapi] [main] i.g.c.libraryapi.ApplicationTests        : Running with Spring Boot v3.3.4, Spring v6.1.13
2026-09-17T14:36:19.286-04:00  INFO 34668 --- [libraryapi] [main] i.g.c.libraryapi.ApplicationTests        : No active profile set, falling back to 1 default profile: "default"
2026-09-17T14:36:19.308-04:00 DEBUG 34668 --- [libraryapi] [main] o.s.w.c.s.GenericWebApplicationContext   : Refreshing org.springframework.web.context.support.GenericWebApplicationContext@d0ec63
2026-09-17T14:36:20.902-04:00  INFO 34668 --- [libraryapi] [main] i.g.c.l.config.DatabaseConfiguration     : Iniciando conexão com o banco na URL: jdbc:postgresql://localhost:5432/library
2026-09-17T14:36:20.907-04:00  WARN 34668 --- [libraryapi] [main] com.zaxxer.hikari.HikariConfig           : library-db-pool - idleTimeout is close to or more than maxLifetime, disabling it.
2026-09-17T14:36:23.534-04:00  WARN 34668 --- [libraryapi] [main] JpaBaseConfiguration$JpaWebConfiguration : spring.jpa.open-in-view is enabled by default. Therefore, database queries may be performed during view rendering. Explicitly configure spring.jpa.open-in-view to disable this warning
2026-09-17T14:36:23.561-04:00 TRACE 34668 --- [libraryapi] [main] eGlobalAuthenticationAutowiredConfigurer : Eagerly initializing {authorizationServerConfiguration=io.github.cursodsousa.libraryapi.config.AuthorizationServerConfiguration$$SpringCGLIB$$0@789d45f7, securityConfiguration=io.github.cursodsousa.libraryapi.config.SecurityConfiguration$$SpringCGLIB$$0@59f56892}
2026-09-17T14:36:23.565-04:00  INFO 34668 --- [libraryapi] [main] eAuthenticationProviderManagerConfigurer : Global AuthenticationManager configured with AuthenticationProvider bean with name customAuthenticationProvider
2026-09-17T14:36:23.818-04:00 DEBUG 34668 --- [libraryapi] [main] s.w.s.m.m.a.RequestMappingHandlerMapping : 21 mappings in 'requestMappingHandlerMapping'
2026-09-17T14:36:23.839-04:00 DEBUG 34668 --- [libraryapi] [main] o.s.w.s.handler.SimpleUrlHandlerMapping  : Patterns [/login] in 'viewControllerHandlerMapping'
2026-09-17T14:36:23.995-04:00 DEBUG 34668 --- [libraryapi] [main] o.s.w.s.handler.SimpleUrlHandlerMapping  : Patterns [/swagger-ui*/*swagger-initializer.js, /swagger-ui*/**] in 'resourceHandlerMapping'
2026-09-17T14:36:24.621-04:00 DEBUG 34668 --- [libraryapi] [main] o.s.s.web.DefaultSecurityFilterChain     : Will secure org.springframework.security.oauth2.server.authorization.config.annotation.web.configurers.OAuth2AuthorizationServerConfigurer$$Lambda/0x0000027dd0b31fa8@29788adf with filters: DisableEncodeUrlFilter, WebAsyncManagerIntegrationFilter, SecurityContextHolderFilter, AuthorizationServerContextFilter, HeaderWriterFilter, CsrfFilter, OidcLogoutEndpointFilter, LogoutFilter, OAuth2AuthorizationServerMetadataEndpointFilter, OAuth2AuthorizationEndpointFilter, OAuth2DeviceVerificationEndpointFilter, OidcProviderConfigurationEndpointFilter, NimbusJwkSetEndpointFilter, OAuth2ClientAuthenticationFilter, UsernamePasswordAuthenticationFilter, BearerTokenAuthenticationFilter, RequestCacheAwareFilter, SecurityContextHolderAwareRequestFilter, AnonymousAuthenticationFilter, ExceptionTranslationFilter, AuthorizationFilter, OAuth2TokenEndpointFilter, OAuth2TokenIntrospectionEndpointFilter, OAuth2TokenRevocationEndpointFilter, OAuth2DeviceAuthorizationEndpointFilter, OidcUserInfoEndpointFilter
2026-09-17T14:36:24.659-04:00 DEBUG 34668 --- [libraryapi] [main] o.s.s.web.DefaultSecurityFilterChain     : Will secure any request with filters: DisableEncodeUrlFilter, WebAsyncManagerIntegrationFilter, SecurityContextHolderFilter, HeaderWriterFilter, LogoutFilter, OAuth2AuthorizationRequestRedirectFilter, OAuth2LoginAuthenticationFilter, UsernamePasswordAuthenticationFilter, BearerTokenAuthenticationFilter, JwtCustomAuthenticationFilter, RequestCacheAwareFilter, SecurityContextHolderAwareRequestFilter, AnonymousAuthenticationFilter, ExceptionTranslationFilter, AuthorizationFilter
2026-09-17T14:36:24.666-04:00  WARN 34668 --- [libraryapi] [main] o.s.s.c.a.web.builders.WebSecurity       : You are asking Spring Security to ignore Deferred [Mvc [pattern='/v2/api-docs/**'], Ant [pattern='/v2/api-docs/**']]. This is not recommended -- please use permitAll via HttpSecurity#authorizeHttpRequests instead.
2026-09-17T14:36:24.666-04:00 DEBUG 34668 --- [libraryapi] [main] o.s.s.web.DefaultSecurityFilterChain     : Will not secure Deferred [Mvc [pattern='/v2/api-docs/**'], Ant [pattern='/v2/api-docs/**']]
2026-09-17T14:36:24.667-04:00  WARN 34668 --- [libraryapi] [main] o.s.s.c.a.web.builders.WebSecurity       : You are asking Spring Security to ignore Deferred [Mvc [pattern='/v3/api-docs/**'], Ant [pattern='/v3/api-docs/**']]. This is not recommended -- please use permitAll via HttpSecurity#authorizeHttpRequests instead.
2026-09-17T14:36:24.667-04:00 DEBUG 34668 --- [libraryapi] [main] o.s.s.web.DefaultSecurityFilterChain     : Will not secure Deferred [Mvc [pattern='/v3/api-docs/**'], Ant [pattern='/v3/api-docs/**']]
2026-09-17T14:36:24.667-04:00  WARN 34668 --- [libraryapi] [main] o.s.s.c.a.web.builders.WebSecurity       : You are asking Spring Security to ignore Deferred [Mvc [pattern='/swagger-resources/**'], Ant [pattern='/swagger-resources/**']]. This is not recommended -- please use permitAll via HttpSecurity#authorizeHttpRequests instead.
2026-09-17T14:36:24.667-04:00 DEBUG 34668 --- [libraryapi] [main] o.s.s.web.DefaultSecurityFilterChain     : Will not secure Deferred [Mvc [pattern='/swagger-resources/**'], Ant [pattern='/swagger-resources/**']]
2026-09-17T14:36:24.667-04:00  WARN 34668 --- [libraryapi] [main] o.s.s.c.a.web.builders.WebSecurity       : You are asking Spring Security to ignore Deferred [Mvc [pattern='/swagger-ui.html'], Ant [pattern='/swagger-ui.html']]. This is not recommended -- please use permitAll via HttpSecurity#authorizeHttpRequests instead.
2026-09-17T14:36:24.667-04:00 DEBUG 34668 --- [libraryapi] [main] o.s.s.web.DefaultSecurityFilterChain     : Will not secure Deferred [Mvc [pattern='/swagger-ui.html'], Ant [pattern='/swagger-ui.html']]
2026-09-17T14:36:24.667-04:00  WARN 34668 --- [libraryapi] [main] o.s.s.c.a.web.builders.WebSecurity       : You are asking Spring Security to ignore Deferred [Mvc [pattern='/swagger-ui/**'], Ant [pattern='/swagger-ui/**']]. This is not recommended -- please use permitAll via HttpSecurity#authorizeHttpRequests instead.
2026-09-17T14:36:24.667-04:00 DEBUG 34668 --- [libraryapi] [main] o.s.s.web.DefaultSecurityFilterChain     : Will not secure Deferred [Mvc [pattern='/swagger-ui/**'], Ant [pattern='/swagger-ui/**']]
2026-09-17T14:36:24.667-04:00  WARN 34668 --- [libraryapi] [main] o.s.s.c.a.web.builders.WebSecurity       : You are asking Spring Security to ignore Deferred [Mvc [pattern='/webjars/**'], Ant [pattern='/webjars/**']]. This is not recommended -- please use permitAll via HttpSecurity#authorizeHttpRequests instead.
2026-09-17T14:36:24.667-04:00 DEBUG 34668 --- [libraryapi] [main] o.s.s.web.DefaultSecurityFilterChain     : Will not secure Deferred [Mvc [pattern='/webjars/**'], Ant [pattern='/webjars/**']]
2026-09-17T14:36:24.667-04:00  WARN 34668 --- [libraryapi] [main] o.s.s.c.a.web.builders.WebSecurity       : You are asking Spring Security to ignore Deferred [Mvc [pattern='/actuator/**'], Ant [pattern='/actuator/**']]. This is not recommended -- please use permitAll via HttpSecurity#authorizeHttpRequests instead.
2026-09-17T14:36:24.667-04:00 DEBUG 34668 --- [libraryapi] [main] o.s.s.web.DefaultSecurityFilterChain     : Will not secure Deferred [Mvc [pattern='/actuator/**'], Ant [pattern='/actuator/**']]
2026-09-17T14:36:24.713-04:00 DEBUG 34668 --- [libraryapi] [main] s.w.s.m.m.a.RequestMappingHandlerAdapter : ControllerAdvice beans: 0 @ModelAttribute, 0 @InitBinder, 1 RequestBodyAdvice, 1 ResponseBodyAdvice
2026-09-17T14:36:24.739-04:00 DEBUG 34668 --- [libraryapi] [main] .m.m.a.ExceptionHandlerExceptionResolver : ControllerAdvice beans: 2 @ExceptionHandler, 1 ResponseBodyAdvice
2026-09-17T14:36:25.153-04:00  INFO 34668 --- [libraryapi] [main] i.g.c.libraryapi.ApplicationTests        : Started ApplicationTests in 6.092 seconds (process running for 6.852)
2026-09-17T14:36:25.896-04:00  WARN 34668 --- [libraryapi] [main] o.h.engine.jdbc.spi.SqlExceptionHelper   : SQL Error: 0, SQLState: 23502
2026-09-17T14:36:25.896-04:00 ERROR 34668 --- [libraryapi] [main] o.h.engine.jdbc.spi.SqlExceptionHelper   : ERROR: null value in column "id_autor" of relation "livro" violates not-null constraint
  Detalhe: Failing row contains (f62d3cd7-b280-4865-af29-1c2d0767f0bf, 90887-84874, Ciencias, 1980-01-02, CIENCIA, 100.00, 2026-09-17 14:36:25.890413, 2026-09-17 14:36:25.890413, null, null).
2026-09-17T14:36:25.923-04:00  WARN 34668 --- [libraryapi] [main] o.h.engine.jdbc.spi.SqlExceptionHelper   : SQL Error: 0, SQLState: 23505
2026-09-17T14:36:25.923-04:00 ERROR 34668 --- [libraryapi] [main] o.h.engine.jdbc.spi.SqlExceptionHelper   : ERROR: duplicate key value violates unique constraint "livro_isbn_key"
  Detalhe: Key (isbn)=(90887-84874) already exists.
2026-09-17T14:36:26.061-04:00 DEBUG 34668 --- [libraryapi] [SpringApplicationShutdownHook] o.s.w.c.s.GenericWebApplicationContext   : Closing org.springframework.web.context.support.GenericWebApplicationContext@d0ec63, started on Thu Sep 17 14:36:19 AMT 2026
2026-09-17T14:37:28.752-04:00  INFO 16812 --- [libraryapi] [main] i.g.c.libraryapi.ApplicationTests        : Starting ApplicationTests using Java 21.0.8 with PID 16812 (started by mayco in C:\Users\mayco\IdeaProjects\curso-spring-boot-especialista\libraryapi)
2026-09-17T14:37:28.752-04:00 DEBUG 16812 --- [libraryapi] [main] i.g.c.libraryapi.ApplicationTests        : Running with Spring Boot v3.3.4, Spring v6.1.13
2026-09-17T14:37:28.753-04:00  INFO 16812 --- [libraryapi] [main] i.g.c.libraryapi.ApplicationTests        : No active profile set, falling back to 1 default profile: "default"
2026-09-17T14:37:28.780-04:00 DEBUG 16812 --- [libraryapi] [main] o.s.w.c.s.GenericWebApplicationContext   : Refreshing org.springframework.web.context.support.GenericWebApplicationContext@d0ec63
2026-09-17T14:37:30.274-04:00  INFO 16812 --- [libraryapi] [main] i.g.c.l.config.DatabaseConfiguration     : Iniciando conexão com o banco na URL: jdbc:postgresql://localhost:5432/library
2026-09-17T14:37:30.279-04:00  WARN 16812 --- [libraryapi] [main] com.zaxxer.hikari.HikariConfig           : library-db-pool - idleTimeout is close to or more than maxLifetime, disabling it.
2026-09-17T14:37:32.760-04:00  WARN 16812 --- [libraryapi] [main] JpaBaseConfiguration$JpaWebConfiguration : spring.jpa.open-in-view is enabled by default. Therefore, database queries may be performed during view rendering. Explicitly configure spring.jpa.open-in-view to disable this warning
2026-09-17T14:37:32.789-04:00 TRACE 16812 --- [libraryapi] [main] eGlobalAuthenticationAutowiredConfigurer : Eagerly initializing {authorizationServerConfiguration=io.github.cursodsousa.libraryapi.config.AuthorizationServerConfiguration$$SpringCGLIB$$0@5c8859b4, securityConfiguration=io.github.cursodsousa.libraryapi.config.SecurityConfiguration$$SpringCGLIB$$0@2862bac6}
2026-09-17T14:37:32.792-04:00  INFO 16812 --- [libraryapi] [main] eAuthenticationProviderManagerConfigurer : Global AuthenticationManager configured with AuthenticationProvider bean with name customAuthenticationProvider
2026-09-17T14:37:33.086-04:00 DEBUG 16812 --- [libraryapi] [main] s.w.s.m.m.a.RequestMappingHandlerMapping : 21 mappings in 'requestMappingHandlerMapping'
2026-09-17T14:37:33.103-04:00 DEBUG 16812 --- [libraryapi] [main] o.s.w.s.handler.SimpleUrlHandlerMapping  : Patterns [/login] in 'viewControllerHandlerMapping'
2026-09-17T14:37:33.256-04:00 DEBUG 16812 --- [libraryapi] [main] o.s.w.s.handler.SimpleUrlHandlerMapping  : Patterns [/swagger-ui*/*swagger-initializer.js, /swagger-ui*/**] in 'resourceHandlerMapping'
2026-09-17T14:37:33.824-04:00 DEBUG 16812 --- [libraryapi] [main] o.s.s.web.DefaultSecurityFilterChain     : Will secure org.springframework.security.oauth2.server.authorization.config.annotation.web.configurers.OAuth2AuthorizationServerConfigurer$$Lambda/0x000001a501b31738@6991f512 with filters: DisableEncodeUrlFilter, WebAsyncManagerIntegrationFilter, SecurityContextHolderFilter, AuthorizationServerContextFilter, HeaderWriterFilter, CsrfFilter, OidcLogoutEndpointFilter, LogoutFilter, OAuth2AuthorizationServerMetadataEndpointFilter, OAuth2AuthorizationEndpointFilter, OAuth2DeviceVerificationEndpointFilter, OidcProviderConfigurationEndpointFilter, NimbusJwkSetEndpointFilter, OAuth2ClientAuthenticationFilter, UsernamePasswordAuthenticationFilter, BearerTokenAuthenticationFilter, RequestCacheAwareFilter, SecurityContextHolderAwareRequestFilter, AnonymousAuthenticationFilter, ExceptionTranslationFilter, AuthorizationFilter, OAuth2TokenEndpointFilter, OAuth2TokenIntrospectionEndpointFilter, OAuth2TokenRevocationEndpointFilter, OAuth2DeviceAuthorizationEndpointFilter, OidcUserInfoEndpointFilter
2026-09-17T14:37:33.862-04:00 DEBUG 16812 --- [libraryapi] [main] o.s.s.web.DefaultSecurityFilterChain     : Will secure any request with filters: DisableEncodeUrlFilter, WebAsyncManagerIntegrationFilter, SecurityContextHolderFilter, HeaderWriterFilter, LogoutFilter, OAuth2AuthorizationRequestRedirectFilter, OAuth2LoginAuthenticationFilter, UsernamePasswordAuthenticationFilter, BearerTokenAuthenticationFilter, JwtCustomAuthenticationFilter, RequestCacheAwareFilter, SecurityContextHolderAwareRequestFilter, AnonymousAuthenticationFilter, ExceptionTranslationFilter, AuthorizationFilter
2026-09-17T14:37:33.870-04:00  WARN 16812 --- [libraryapi] [main] o.s.s.c.a.web.builders.WebSecurity       : You are asking Spring Security to ignore Deferred [Mvc [pattern='/v2/api-docs/**'], Ant [pattern='/v2/api-docs/**']]. This is not recommended -- please use permitAll via HttpSecurity#authorizeHttpRequests instead.
2026-09-17T14:37:33.870-04:00 DEBUG 16812 --- [libraryapi] [main] o.s.s.web.DefaultSecurityFilterChain     : Will not secure Deferred [Mvc [pattern='/v2/api-docs/**'], Ant [pattern='/v2/api-docs/**']]
2026-09-17T14:37:33.870-04:00  WARN 16812 --- [libraryapi] [main] o.s.s.c.a.web.builders.WebSecurity       : You are asking Spring Security to ignore Deferred [Mvc [pattern='/v3/api-docs/**'], Ant [pattern='/v3/api-docs/**']]. This is not recommended -- please use permitAll via HttpSecurity#authorizeHttpRequests instead.
2026-09-17T14:37:33.870-04:00 DEBUG 16812 --- [libraryapi] [main] o.s.s.web.DefaultSecurityFilterChain     : Will not secure Deferred [Mvc [pattern='/v3/api-docs/**'], Ant [pattern='/v3/api-docs/**']]
2026-09-17T14:37:33.871-04:00  WARN 16812 --- [libraryapi] [main] o.s.s.c.a.web.builders.WebSecurity       : You are asking Spring Security to ignore Deferred [Mvc [pattern='/swagger-resources/**'], Ant [pattern='/swagger-resources/**']]. This is not recommended -- please use permitAll via HttpSecurity#authorizeHttpRequests instead.
2026-09-17T14:37:33.871-04:00 DEBUG 16812 --- [libraryapi] [main] o.s.s.web.DefaultSecurityFilterChain     : Will not secure Deferred [Mvc [pattern='/swagger-resources/**'], Ant [pattern='/swagger-resources/**']]
2026-09-17T14:37:33.871-04:00  WARN 16812 --- [libraryapi] [main] o.s.s.c.a.web.builders.WebSecurity       : You are asking Spring Security to ignore Deferred [Mvc [pattern='/swagger-ui.html'], Ant [pattern='/swagger-ui.html']]. This is not recommended -- please use permitAll via HttpSecurity#authorizeHttpRequests instead.
2026-09-17T14:37:33.871-04:00 DEBUG 16812 --- [libraryapi] [main] o.s.s.web.DefaultSecurityFilterChain     : Will not secure Deferred [Mvc [pattern='/swagger-ui.html'], Ant [pattern='/swagger-ui.html']]
2026-09-17T14:37:33.871-04:00  WARN 16812 --- [libraryapi] [main] o.s.s.c.a.web.builders.WebSecurity       : You are asking Spring Security to ignore Deferred [Mvc [pattern='/swagger-ui/**'], Ant [pattern='/swagger-ui/**']]. This is not recommended -- please use permitAll via HttpSecurity#authorizeHttpRequests instead.
2026-09-17T14:37:33.871-04:00 DEBUG 16812 --- [libraryapi] [main] o.s.s.web.DefaultSecurityFilterChain     : Will not secure Deferred [Mvc [pattern='/swagger-ui/**'], Ant [pattern='/swagger-ui/**']]
2026-09-17T14:37:33.871-04:00  WARN 16812 --- [libraryapi] [main] o.s.s.c.a.web.builders.WebSecurity       : You are asking Spring Security to ignore Deferred [Mvc [pattern='/webjars/**'], Ant [pattern='/webjars/**']]. This is not recommended -- please use permitAll via HttpSecurity#authorizeHttpRequests instead.
2026-09-17T14:37:33.871-04:00 DEBUG 16812 --- [libraryapi] [main] o.s.s.web.DefaultSecurityFilterChain     : Will not secure Deferred [Mvc [pattern='/webjars/**'], Ant [pattern='/webjars/**']]
2026-09-17T14:37:33.871-04:00  WARN 16812 --- [libraryapi] [main] o.s.s.c.a.web.builders.WebSecurity       : You are asking Spring Security to ignore Deferred [Mvc [pattern='/actuator/**'], Ant [pattern='/actuator/**']]. This is not recommended -- please use permitAll via HttpSecurity#authorizeHttpRequests instead.
2026-09-17T14:37:33.871-04:00 DEBUG 16812 --- [libraryapi] [main] o.s.s.web.DefaultSecurityFilterChain     : Will not secure Deferred [Mvc [pattern='/actuator/**'], Ant [pattern='/actuator/**']]
2026-09-17T14:37:33.917-04:00 DEBUG 16812 --- [libraryapi] [main] s.w.s.m.m.a.RequestMappingHandlerAdapter : ControllerAdvice beans: 0 @ModelAttribute, 0 @InitBinder, 1 RequestBodyAdvice, 1 ResponseBodyAdvice
2026-09-17T14:37:33.949-04:00 DEBUG 16812 --- [libraryapi] [main] .m.m.a.ExceptionHandlerExceptionResolver : ControllerAdvice beans: 2 @ExceptionHandler, 1 ResponseBodyAdvice
2026-09-17T14:37:34.369-04:00  INFO 16812 --- [libraryapi] [main] i.g.c.libraryapi.ApplicationTests        : Started ApplicationTests in 5.889 seconds (process running for 6.583)
2026-09-17T14:37:35.124-04:00  WARN 16812 --- [libraryapi] [main] o.h.engine.jdbc.spi.SqlExceptionHelper   : SQL Error: 0, SQLState: 23502
2026-09-17T14:37:35.125-04:00 ERROR 16812 --- [libraryapi] [main] o.h.engine.jdbc.spi.SqlExceptionHelper   : ERROR: null value in column "id_autor" of relation "livro" violates not-null constraint
  Detalhe: Failing row contains (785a42df-1adc-4b79-86dc-d85269e9c114, 90887-84874, Ciencias, 1980-01-02, CIENCIA, 100.00, 2026-09-17 14:37:35.117333, 2026-09-17 14:37:35.117333, null, null).
2026-09-17T14:37:35.157-04:00  WARN 16812 --- [libraryapi] [main] o.h.engine.jdbc.spi.SqlExceptionHelper   : SQL Error: 0, SQLState: 23505
2026-09-17T14:37:35.158-04:00 ERROR 16812 --- [libraryapi] [main] o.h.engine.jdbc.spi.SqlExceptionHelper   : ERROR: duplicate key value violates unique constraint "livro_isbn_key"
  Detalhe: Key (isbn)=(90887-84874) already exists.
2026-09-17T14:37:35.277-04:00 DEBUG 16812 --- [libraryapi] [SpringApplicationShutdownHook] o.s.w.c.s.GenericWebApplicationContext   : Closing org.springframework.web.context.support.GenericWebApplicationContext@d0ec63, started on Thu Sep 17 14:37:28 AMT 2026
2026-09-17T14:37:54.130-04:00  INFO 28884 --- [libraryapi] [main] i.g.c.libraryapi.ApplicationTests        : Starting ApplicationTests using Java 21.0.8 with PID 28884 (started by mayco in C:\Users\mayco\IdeaProjects\curso-spring-boot-especialista\libraryapi)
2026-09-17T14:37:54.132-04:00 DEBUG 28884 --- [libraryapi] [main] i.g.c.libraryapi.ApplicationTests        : Running with Spring Boot v3.3.4, Spring v6.1.13
2026-09-17T14:37:54.133-04:00  INFO 28884 --- [libraryapi] [main] i.g.c.libraryapi.ApplicationTests        : No active profile set, falling back to 1 default profile: "default"
2026-09-17T14:37:54.154-04:00 DEBUG 28884 --- [libraryapi] [main] o.s.w.c.s.GenericWebApplicationContext   : Refreshing org.springframework.web.context.support.GenericWebApplicationContext@d0ec63
2026-09-17T14:37:55.607-04:00  INFO 28884 --- [libraryapi] [main] i.g.c.l.config.DatabaseConfiguration     : Iniciando conexão com o banco na URL: jdbc:postgresql://localhost:5432/library
2026-09-17T14:37:55.613-04:00  WARN 28884 --- [libraryapi] [main] com.zaxxer.hikari.HikariConfig           : library-db-pool - idleTimeout is close to or more than maxLifetime, disabling it.
2026-09-17T14:37:58.091-04:00  WARN 28884 --- [libraryapi] [main] JpaBaseConfiguration$JpaWebConfiguration : spring.jpa.open-in-view is enabled by default. Therefore, database queries may be performed during view rendering. Explicitly configure spring.jpa.open-in-view to disable this warning
2026-09-17T14:37:58.122-04:00 TRACE 28884 --- [libraryapi] [main] eGlobalAuthenticationAutowiredConfigurer : Eagerly initializing {authorizationServerConfiguration=io.github.cursodsousa.libraryapi.config.AuthorizationServerConfiguration$$SpringCGLIB$$0@5889e697, securityConfiguration=io.github.cursodsousa.libraryapi.config.SecurityConfiguration$$SpringCGLIB$$0@2e4262d2}
2026-09-17T14:37:58.125-04:00  INFO 28884 --- [libraryapi] [main] eAuthenticationProviderManagerConfigurer : Global AuthenticationManager configured with AuthenticationProvider bean with name customAuthenticationProvider
2026-09-17T14:37:58.468-04:00 DEBUG 28884 --- [libraryapi] [main] s.w.s.m.m.a.RequestMappingHandlerMapping : 21 mappings in 'requestMappingHandlerMapping'
2026-09-17T14:37:58.483-04:00 DEBUG 28884 --- [libraryapi] [main] o.s.w.s.handler.SimpleUrlHandlerMapping  : Patterns [/login] in 'viewControllerHandlerMapping'
2026-09-17T14:37:58.677-04:00 DEBUG 28884 --- [libraryapi] [main] o.s.w.s.handler.SimpleUrlHandlerMapping  : Patterns [/swagger-ui*/*swagger-initializer.js, /swagger-ui*/**] in 'resourceHandlerMapping'
2026-09-17T14:37:59.477-04:00 DEBUG 28884 --- [libraryapi] [main] o.s.s.web.DefaultSecurityFilterChain     : Will secure org.springframework.security.oauth2.server.authorization.config.annotation.web.configurers.OAuth2AuthorizationServerConfigurer$$Lambda/0x00000216e5b2d250@1eb9ab8f with filters: DisableEncodeUrlFilter, WebAsyncManagerIntegrationFilter, SecurityContextHolderFilter, AuthorizationServerContextFilter, HeaderWriterFilter, CsrfFilter, OidcLogoutEndpointFilter, LogoutFilter, OAuth2AuthorizationServerMetadataEndpointFilter, OAuth2AuthorizationEndpointFilter, OAuth2DeviceVerificationEndpointFilter, OidcProviderConfigurationEndpointFilter, NimbusJwkSetEndpointFilter, OAuth2ClientAuthenticationFilter, UsernamePasswordAuthenticationFilter, BearerTokenAuthenticationFilter, RequestCacheAwareFilter, SecurityContextHolderAwareRequestFilter, AnonymousAuthenticationFilter, ExceptionTranslationFilter, AuthorizationFilter, OAuth2TokenEndpointFilter, OAuth2TokenIntrospectionEndpointFilter, OAuth2TokenRevocationEndpointFilter, OAuth2DeviceAuthorizationEndpointFilter, OidcUserInfoEndpointFilter
2026-09-17T14:37:59.510-04:00 DEBUG 28884 --- [libraryapi] [main] o.s.s.web.DefaultSecurityFilterChain     : Will secure any request with filters: DisableEncodeUrlFilter, WebAsyncManagerIntegrationFilter, SecurityContextHolderFilter, HeaderWriterFilter, LogoutFilter, OAuth2AuthorizationRequestRedirectFilter, OAuth2LoginAuthenticationFilter, UsernamePasswordAuthenticationFilter, BearerTokenAuthenticationFilter, JwtCustomAuthenticationFilter, RequestCacheAwareFilter, SecurityContextHolderAwareRequestFilter, AnonymousAuthenticationFilter, ExceptionTranslationFilter, AuthorizationFilter
2026-09-17T14:37:59.519-04:00  WARN 28884 --- [libraryapi] [main] o.s.s.c.a.web.builders.WebSecurity       : You are asking Spring Security to ignore Deferred [Mvc [pattern='/v2/api-docs/**'], Ant [pattern='/v2/api-docs/**']]. This is not recommended -- please use permitAll via HttpSecurity#authorizeHttpRequests instead.
2026-09-17T14:37:59.520-04:00 DEBUG 28884 --- [libraryapi] [main] o.s.s.web.DefaultSecurityFilterChain     : Will not secure Deferred [Mvc [pattern='/v2/api-docs/**'], Ant [pattern='/v2/api-docs/**']]
2026-09-17T14:37:59.520-04:00  WARN 28884 --- [libraryapi] [main] o.s.s.c.a.web.builders.WebSecurity       : You are asking Spring Security to ignore Deferred [Mvc [pattern='/v3/api-docs/**'], Ant [pattern='/v3/api-docs/**']]. This is not recommended -- please use permitAll via HttpSecurity#authorizeHttpRequests instead.
2026-09-17T14:37:59.520-04:00 DEBUG 28884 --- [libraryapi] [main] o.s.s.web.DefaultSecurityFilterChain     : Will not secure Deferred [Mvc [pattern='/v3/api-docs/**'], Ant [pattern='/v3/api-docs/**']]
2026-09-17T14:37:59.520-04:00  WARN 28884 --- [libraryapi] [main] o.s.s.c.a.web.builders.WebSecurity       : You are asking Spring Security to ignore Deferred [Mvc [pattern='/swagger-resources/**'], Ant [pattern='/swagger-resources/**']]. This is not recommended -- please use permitAll via HttpSecurity#authorizeHttpRequests instead.
2026-09-17T14:37:59.520-04:00 DEBUG 28884 --- [libraryapi] [main] o.s.s.web.DefaultSecurityFilterChain     : Will not secure Deferred [Mvc [pattern='/swagger-resources/**'], Ant [pattern='/swagger-resources/**']]
2026-09-17T14:37:59.520-04:00  WARN 28884 --- [libraryapi] [main] o.s.s.c.a.web.builders.WebSecurity       : You are asking Spring Security to ignore Deferred [Mvc [pattern='/swagger-ui.html'], Ant [pattern='/swagger-ui.html']]. This is not recommended -- please use permitAll via HttpSecurity#authorizeHttpRequests instead.
2026-09-17T14:37:59.520-04:00 DEBUG 28884 --- [libraryapi] [main] o.s.s.web.DefaultSecurityFilterChain     : Will not secure Deferred [Mvc [pattern='/swagger-ui.html'], Ant [pattern='/swagger-ui.html']]
2026-09-17T14:37:59.520-04:00  WARN 28884 --- [libraryapi] [main] o.s.s.c.a.web.builders.WebSecurity       : You are asking Spring Security to ignore Deferred [Mvc [pattern='/swagger-ui/**'], Ant [pattern='/swagger-ui/**']]. This is not recommended -- please use permitAll via HttpSecurity#authorizeHttpRequests instead.
2026-09-17T14:37:59.520-04:00 DEBUG 28884 --- [libraryapi] [main] o.s.s.web.DefaultSecurityFilterChain     : Will not secure Deferred [Mvc [pattern='/swagger-ui/**'], Ant [pattern='/swagger-ui/**']]
2026-09-17T14:37:59.520-04:00  WARN 28884 --- [libraryapi] [main] o.s.s.c.a.web.builders.WebSecurity       : You are asking Spring Security to ignore Deferred [Mvc [pattern='/webjars/**'], Ant [pattern='/webjars/**']]. This is not recommended -- please use permitAll via HttpSecurity#authorizeHttpRequests instead.
2026-09-17T14:37:59.520-04:00 DEBUG 28884 --- [libraryapi] [main] o.s.s.web.DefaultSecurityFilterChain     : Will not secure Deferred [Mvc [pattern='/webjars/**'], Ant [pattern='/webjars/**']]
2026-09-17T14:37:59.520-04:00  WARN 28884 --- [libraryapi] [main] o.s.s.c.a.web.builders.WebSecurity       : You are asking Spring Security to ignore Deferred [Mvc [pattern='/actuator/**'], Ant [pattern='/actuator/**']]. This is not recommended -- please use permitAll via HttpSecurity#authorizeHttpRequests instead.
2026-09-17T14:37:59.522-04:00 DEBUG 28884 --- [libraryapi] [main] o.s.s.web.DefaultSecurityFilterChain     : Will not secure Deferred [Mvc [pattern='/actuator/**'], Ant [pattern='/actuator/**']]
2026-09-17T14:37:59.570-04:00 DEBUG 28884 --- [libraryapi] [main] s.w.s.m.m.a.RequestMappingHandlerAdapter : ControllerAdvice beans: 0 @ModelAttribute, 0 @InitBinder, 1 RequestBodyAdvice, 1 ResponseBodyAdvice
2026-09-17T14:37:59.601-04:00 DEBUG 28884 --- [libraryapi] [main] .m.m.a.ExceptionHandlerExceptionResolver : ControllerAdvice beans: 2 @ExceptionHandler, 1 ResponseBodyAdvice
2026-09-17T14:38:00.061-04:00  INFO 28884 --- [libraryapi] [main] i.g.c.libraryapi.ApplicationTests        : Started ApplicationTests in 6.157 seconds (process running for 6.847)
2026-09-17T14:38:00.783-04:00  WARN 28884 --- [libraryapi] [main] o.h.engine.jdbc.spi.SqlExceptionHelper   : SQL Error: 0, SQLState: 23502
2026-09-17T14:38:00.783-04:00 ERROR 28884 --- [libraryapi] [main] o.h.engine.jdbc.spi.SqlExceptionHelper   : ERROR: null value in column "id_autor" of relation "livro" violates not-null constraint
  Detalhe: Failing row contains (ca71c231-1e92-4fe0-8a51-712976fb2b83, 90887-84874, Ciencias, 1980-01-02, CIENCIA, 100.00, 2026-09-17 14:38:00.777125, 2026-09-17 14:38:00.777125, null, null).
2026-09-17T14:38:00.819-04:00  WARN 28884 --- [libraryapi] [main] o.h.engine.jdbc.spi.SqlExceptionHelper   : SQL Error: 0, SQLState: 23505
2026-09-17T14:38:00.819-04:00 ERROR 28884 --- [libraryapi] [main] o.h.engine.jdbc.spi.SqlExceptionHelper   : ERROR: duplicate key value violates unique constraint "livro_isbn_key"
  Detalhe: Key (isbn)=(90887-84874) already exists.
2026-09-17T14:38:00.949-04:00 DEBUG 28884 --- [libraryapi] [SpringApplicationShutdownHook] o.s.w.c.s.GenericWebApplicationContext   : Closing org.springframework.web.context.support.GenericWebApplicationContext@d0ec63, started on Thu Sep 17 14:37:54 AMT 2026
2026-09-17T16:11:59.217-04:00  INFO 30876 --- [libraryapi] [main] i.g.c.libraryapi.ApplicationTests        : Starting ApplicationTests using Java 21.0.8 with PID 30876 (started by mayco in C:\Users\mayco\IdeaProjects\curso-spring-boot-especialista\libraryapi)
2026-09-17T16:11:59.218-04:00 DEBUG 30876 --- [libraryapi] [main] i.g.c.libraryapi.ApplicationTests        : Running with Spring Boot v3.3.4, Spring v6.1.13
2026-09-17T16:11:59.218-04:00  INFO 30876 --- [libraryapi] [main] i.g.c.libraryapi.ApplicationTests        : No active profile set, falling back to 1 default profile: "default"
2026-09-17T16:11:59.245-04:00 DEBUG 30876 --- [libraryapi] [main] o.s.w.c.s.GenericWebApplicationContext   : Refreshing org.springframework.web.context.support.GenericWebApplicationContext@d0ec63
2026-09-17T16:12:00.823-04:00  INFO 30876 --- [libraryapi] [main] i.g.c.l.config.DatabaseConfiguration     : Iniciando conexão com o banco na URL: jdbc:postgresql://localhost:5432/library
2026-09-17T16:12:00.831-04:00  WARN 30876 --- [libraryapi] [main] com.zaxxer.hikari.HikariConfig           : library-db-pool - idleTimeout is close to or more than maxLifetime, disabling it.
2026-09-17T16:12:03.573-04:00  WARN 30876 --- [libraryapi] [main] JpaBaseConfiguration$JpaWebConfiguration : spring.jpa.open-in-view is enabled by default. Therefore, database queries may be performed during view rendering. Explicitly configure spring.jpa.open-in-view to disable this warning
2026-09-17T16:12:03.605-04:00 TRACE 30876 --- [libraryapi] [main] eGlobalAuthenticationAutowiredConfigurer : Eagerly initializing {authorizationServerConfiguration=io.github.cursodsousa.libraryapi.config.AuthorizationServerConfiguration$$SpringCGLIB$$0@278df226, securityConfiguration=io.github.cursodsousa.libraryapi.config.SecurityConfiguration$$SpringCGLIB$$0@327ac23}
2026-09-17T16:12:03.608-04:00  INFO 30876 --- [libraryapi] [main] eAuthenticationProviderManagerConfigurer : Global AuthenticationManager configured with AuthenticationProvider bean with name customAuthenticationProvider
2026-09-17T16:12:03.903-04:00 DEBUG 30876 --- [libraryapi] [main] s.w.s.m.m.a.RequestMappingHandlerMapping : 21 mappings in 'requestMappingHandlerMapping'
2026-09-17T16:12:03.923-04:00 DEBUG 30876 --- [libraryapi] [main] o.s.w.s.handler.SimpleUrlHandlerMapping  : Patterns [/login] in 'viewControllerHandlerMapping'
2026-09-17T16:12:04.089-04:00 DEBUG 30876 --- [libraryapi] [main] o.s.w.s.handler.SimpleUrlHandlerMapping  : Patterns [/swagger-ui*/*swagger-initializer.js, /swagger-ui*/**] in 'resourceHandlerMapping'
2026-09-17T16:12:04.782-04:00 DEBUG 30876 --- [libraryapi] [main] o.s.s.web.DefaultSecurityFilterChain     : Will secure org.springframework.security.oauth2.server.authorization.config.annotation.web.configurers.OAuth2AuthorizationServerConfigurer$$Lambda/0x000001d181b31300@4e88dd32 with filters: DisableEncodeUrlFilter, WebAsyncManagerIntegrationFilter, SecurityContextHolderFilter, AuthorizationServerContextFilter, HeaderWriterFilter, CsrfFilter, OidcLogoutEndpointFilter, LogoutFilter, OAuth2AuthorizationServerMetadataEndpointFilter, OAuth2AuthorizationEndpointFilter, OAuth2DeviceVerificationEndpointFilter, OidcProviderConfigurationEndpointFilter, NimbusJwkSetEndpointFilter, OAuth2ClientAuthenticationFilter, UsernamePasswordAuthenticationFilter, BearerTokenAuthenticationFilter, RequestCacheAwareFilter, SecurityContextHolderAwareRequestFilter, AnonymousAuthenticationFilter, ExceptionTranslationFilter, AuthorizationFilter, OAuth2TokenEndpointFilter, OAuth2TokenIntrospectionEndpointFilter, OAuth2TokenRevocationEndpointFilter, OAuth2DeviceAuthorizationEndpointFilter, OidcUserInfoEndpointFilter
2026-09-17T16:12:04.815-04:00 DEBUG 30876 --- [libraryapi] [main] o.s.s.web.DefaultSecurityFilterChain     : Will secure any request with filters: DisableEncodeUrlFilter, WebAsyncManagerIntegrationFilter, SecurityContextHolderFilter, HeaderWriterFilter, LogoutFilter, OAuth2AuthorizationRequestRedirectFilter, OAuth2LoginAuthenticationFilter, UsernamePasswordAuthenticationFilter, BearerTokenAuthenticationFilter, JwtCustomAuthenticationFilter, RequestCacheAwareFilter, SecurityContextHolderAwareRequestFilter, AnonymousAuthenticationFilter, ExceptionTranslationFilter, AuthorizationFilter
2026-09-17T16:12:04.822-04:00  WARN 30876 --- [libraryapi] [main] o.s.s.c.a.web.builders.WebSecurity       : You are asking Spring Security to ignore Deferred [Mvc [pattern='/v2/api-docs/**'], Ant [pattern='/v2/api-docs/**']]. This is not recommended -- please use permitAll via HttpSecurity#authorizeHttpRequests instead.
2026-09-17T16:12:04.822-04:00 DEBUG 30876 --- [libraryapi] [main] o.s.s.web.DefaultSecurityFilterChain     : Will not secure Deferred [Mvc [pattern='/v2/api-docs/**'], Ant [pattern='/v2/api-docs/**']]
2026-09-17T16:12:04.823-04:00  WARN 30876 --- [libraryapi] [main] o.s.s.c.a.web.builders.WebSecurity       : You are asking Spring Security to ignore Deferred [Mvc [pattern='/v3/api-docs/**'], Ant [pattern='/v3/api-docs/**']]. This is not recommended -- please use permitAll via HttpSecurity#authorizeHttpRequests instead.
2026-09-17T16:12:04.823-04:00 DEBUG 30876 --- [libraryapi] [main] o.s.s.web.DefaultSecurityFilterChain     : Will not secure Deferred [Mvc [pattern='/v3/api-docs/**'], Ant [pattern='/v3/api-docs/**']]
2026-09-17T16:12:04.823-04:00  WARN 30876 --- [libraryapi] [main] o.s.s.c.a.web.builders.WebSecurity       : You are asking Spring Security to ignore Deferred [Mvc [pattern='/swagger-resources/**'], Ant [pattern='/swagger-resources/**']]. This is not recommended -- please use permitAll via HttpSecurity#authorizeHttpRequests instead.
2026-09-17T16:12:04.823-04:00 DEBUG 30876 --- [libraryapi] [main] o.s.s.web.DefaultSecurityFilterChain     : Will not secure Deferred [Mvc [pattern='/swagger-resources/**'], Ant [pattern='/swagger-resources/**']]
2026-09-17T16:12:04.823-04:00  WARN 30876 --- [libraryapi] [main] o.s.s.c.a.web.builders.WebSecurity       : You are asking Spring Security to ignore Deferred [Mvc [pattern='/swagger-ui.html'], Ant [pattern='/swagger-ui.html']]. This is not recommended -- please use permitAll via HttpSecurity#authorizeHttpRequests instead.
2026-09-17T16:12:04.823-04:00 DEBUG 30876 --- [libraryapi] [main] o.s.s.web.DefaultSecurityFilterChain     : Will not secure Deferred [Mvc [pattern='/swagger-ui.html'], Ant [pattern='/swagger-ui.html']]
2026-09-17T16:12:04.823-04:00  WARN 30876 --- [libraryapi] [main] o.s.s.c.a.web.builders.WebSecurity       : You are asking Spring Security to ignore Deferred [Mvc [pattern='/swagger-ui/**'], Ant [pattern='/swagger-ui/**']]. This is not recommended -- please use permitAll via HttpSecurity#authorizeHttpRequests instead.
2026-09-17T16:12:04.823-04:00 DEBUG 30876 --- [libraryapi] [main] o.s.s.web.DefaultSecurityFilterChain     : Will not secure Deferred [Mvc [pattern='/swagger-ui/**'], Ant [pattern='/swagger-ui/**']]
2026-09-17T16:12:04.823-04:00  WARN 30876 --- [libraryapi] [main] o.s.s.c.a.web.builders.WebSecurity       : You are asking Spring Security to ignore Deferred [Mvc [pattern='/webjars/**'], Ant [pattern='/webjars/**']]. This is not recommended -- please use permitAll via HttpSecurity#authorizeHttpRequests instead.
2026-09-17T16:12:04.823-04:00 DEBUG 30876 --- [libraryapi] [main] o.s.s.web.DefaultSecurityFilterChain     : Will not secure Deferred [Mvc [pattern='/webjars/**'], Ant [pattern='/webjars/**']]
2026-09-17T16:12:04.823-04:00  WARN 30876 --- [libraryapi] [main] o.s.s.c.a.web.builders.WebSecurity       : You are asking Spring Security to ignore Deferred [Mvc [pattern='/actuator/**'], Ant [pattern='/actuator/**']]. This is not recommended -- please use permitAll via HttpSecurity#authorizeHttpRequests instead.
2026-09-17T16:12:04.823-04:00 DEBUG 30876 --- [libraryapi] [main] o.s.s.web.DefaultSecurityFilterChain     : Will not secure Deferred [Mvc [pattern='/actuator/**'], Ant [pattern='/actuator/**']]
2026-09-17T16:12:04.875-04:00 DEBUG 30876 --- [libraryapi] [main] s.w.s.m.m.a.RequestMappingHandlerAdapter : ControllerAdvice beans: 0 @ModelAttribute, 0 @InitBinder, 1 RequestBodyAdvice, 1 ResponseBodyAdvice
2026-09-17T16:12:04.912-04:00 DEBUG 30876 --- [libraryapi] [main] .m.m.a.ExceptionHandlerExceptionResolver : ControllerAdvice beans: 2 @ExceptionHandler, 1 ResponseBodyAdvice
2026-09-17T16:12:05.366-04:00  INFO 30876 --- [libraryapi] [main] i.g.c.libraryapi.ApplicationTests        : Started ApplicationTests in 6.398 seconds (process running for 7.121)
2026-09-17T16:12:05.860-04:00  WARN 30876 --- [libraryapi] [main] o.h.engine.jdbc.spi.SqlExceptionHelper   : SQL Error: 0, SQLState: 42P01
2026-09-17T16:12:05.861-04:00 ERROR 30876 --- [libraryapi] [main] o.h.engine.jdbc.spi.SqlExceptionHelper   : ERROR: relation "public.autor" does not exist
  Posição: 164
2026-09-17T16:12:05.892-04:00  WARN 30876 --- [libraryapi] [main] o.h.engine.jdbc.spi.SqlExceptionHelper   : SQL Error: 0, SQLState: 42P01
2026-09-17T16:12:05.892-04:00 ERROR 30876 --- [libraryapi] [main] o.h.engine.jdbc.spi.SqlExceptionHelper   : ERROR: relation "public.autor" does not exist
  Posição: 164
2026-09-17T16:12:05.956-04:00  WARN 30876 --- [libraryapi] [main] o.h.engine.jdbc.spi.SqlExceptionHelper   : SQL Error: 0, SQLState: 42P01
2026-09-17T16:12:05.957-04:00 ERROR 30876 --- [libraryapi] [main] o.h.engine.jdbc.spi.SqlExceptionHelper   : ERROR: relation "public.autor" does not exist
  Posição: 13
2026-09-17T16:12:05.968-04:00  WARN 30876 --- [libraryapi] [main] o.h.engine.jdbc.spi.SqlExceptionHelper   : SQL Error: 0, SQLState: 42P01
2026-09-17T16:12:05.968-04:00 ERROR 30876 --- [libraryapi] [main] o.h.engine.jdbc.spi.SqlExceptionHelper   : ERROR: relation "public.autor" does not exist
  Posição: 164
2026-09-17T16:12:06.024-04:00  WARN 30876 --- [libraryapi] [main] o.h.engine.jdbc.spi.SqlExceptionHelper   : SQL Error: 0, SQLState: 42P01
2026-09-17T16:12:06.024-04:00 ERROR 30876 --- [libraryapi] [main] o.h.engine.jdbc.spi.SqlExceptionHelper   : ERROR: relation "public.autor" does not exist
  Posição: 128
2026-09-17T16:12:06.044-04:00  WARN 30876 --- [libraryapi] [main] o.h.engine.jdbc.spi.SqlExceptionHelper   : SQL Error: 0, SQLState: 42P01
2026-09-17T16:12:06.044-04:00 ERROR 30876 --- [libraryapi] [main] o.h.engine.jdbc.spi.SqlExceptionHelper   : ERROR: relation "public.autor" does not exist
  Posição: 22
2026-09-17T16:12:06.051-04:00  WARN 30876 --- [libraryapi] [main] o.h.engine.jdbc.spi.SqlExceptionHelper   : SQL Error: 0, SQLState: 42P01
2026-09-17T16:12:06.052-04:00 ERROR 30876 --- [libraryapi] [main] o.h.engine.jdbc.spi.SqlExceptionHelper   : ERROR: relation "public.autor" does not exist
  Posição: 164
2026-09-17T16:12:06.067-04:00  WARN 30876 --- [libraryapi] [main] o.h.engine.jdbc.spi.SqlExceptionHelper   : SQL Error: 0, SQLState: 42P01
2026-09-17T16:12:06.068-04:00 ERROR 30876 --- [libraryapi] [main] o.h.engine.jdbc.spi.SqlExceptionHelper   : ERROR: relation "public.autor" does not exist
  Posição: 13
2026-09-17T16:12:06.107-04:00  WARN 30876 --- [libraryapi] [main] o.h.engine.jdbc.spi.SqlExceptionHelper   : SQL Error: 0, SQLState: 42P01
2026-09-17T16:12:06.107-04:00 ERROR 30876 --- [libraryapi] [main] o.h.engine.jdbc.spi.SqlExceptionHelper   : ERROR: relation "livro" does not exist
  Posição: 158
2026-09-17T16:12:06.124-04:00  WARN 30876 --- [libraryapi] [main] o.h.engine.jdbc.spi.SqlExceptionHelper   : SQL Error: 0, SQLState: 42P01
2026-09-17T16:12:06.125-04:00 ERROR 30876 --- [libraryapi] [main] o.h.engine.jdbc.spi.SqlExceptionHelper   : ERROR: relation "livro" does not exist
  Posição: 25
2026-09-17T16:12:06.135-04:00  WARN 30876 --- [libraryapi] [main] o.h.engine.jdbc.spi.SqlExceptionHelper   : SQL Error: 0, SQLState: 42P01
2026-09-17T16:12:06.135-04:00 ERROR 30876 --- [libraryapi] [main] o.h.engine.jdbc.spi.SqlExceptionHelper   : ERROR: relation "livro" does not exist
  Posição: 194
2026-09-17T16:12:06.143-04:00  WARN 30876 --- [libraryapi] [main] o.h.engine.jdbc.spi.SqlExceptionHelper   : SQL Error: 0, SQLState: 42P01
2026-09-17T16:12:06.143-04:00 ERROR 30876 --- [libraryapi] [main] o.h.engine.jdbc.spi.SqlExceptionHelper   : ERROR: relation "public.autor" does not exist
  Posição: 164
2026-09-17T16:12:06.149-04:00  WARN 30876 --- [libraryapi] [main] o.h.engine.jdbc.spi.SqlExceptionHelper   : SQL Error: 0, SQLState: 42P01
2026-09-17T16:12:06.150-04:00 ERROR 30876 --- [libraryapi] [main] o.h.engine.jdbc.spi.SqlExceptionHelper   : ERROR: relation "livro" does not exist
  Posição: 158
2026-09-17T16:12:06.155-04:00  WARN 30876 --- [libraryapi] [main] o.h.engine.jdbc.spi.SqlExceptionHelper   : SQL Error: 0, SQLState: 42P01
2026-09-17T16:12:06.155-04:00 ERROR 30876 --- [libraryapi] [main] o.h.engine.jdbc.spi.SqlExceptionHelper   : ERROR: relation "livro" does not exist
  Posição: 194
2026-09-17T16:12:06.162-04:00  WARN 30876 --- [libraryapi] [main] o.h.engine.jdbc.spi.SqlExceptionHelper   : SQL Error: 0, SQLState: 42P01
2026-09-17T16:12:06.162-04:00 ERROR 30876 --- [libraryapi] [main] o.h.engine.jdbc.spi.SqlExceptionHelper   : ERROR: relation "public.autor" does not exist
  Posição: 13
2026-09-17T16:12:06.169-04:00  WARN 30876 --- [libraryapi] [main] o.h.engine.jdbc.spi.SqlExceptionHelper   : SQL Error: 0, SQLState: 42P01
2026-09-17T16:12:06.169-04:00 ERROR 30876 --- [libraryapi] [main] o.h.engine.jdbc.spi.SqlExceptionHelper   : ERROR: relation "livro" does not exist
  Posição: 128
2026-09-17T16:12:06.176-04:00  WARN 30876 --- [libraryapi] [main] o.h.engine.jdbc.spi.SqlExceptionHelper   : SQL Error: 0, SQLState: 42P01
2026-09-17T16:12:06.176-04:00 ERROR 30876 --- [libraryapi] [main] o.h.engine.jdbc.spi.SqlExceptionHelper   : ERROR: relation "livro" does not exist
  Posição: 34
2026-09-17T16:12:06.183-04:00  WARN 30876 --- [libraryapi] [main] o.h.engine.jdbc.spi.SqlExceptionHelper   : SQL Error: 0, SQLState: 42P01
2026-09-17T16:12:06.183-04:00 ERROR 30876 --- [libraryapi] [main] o.h.engine.jdbc.spi.SqlExceptionHelper   : ERROR: relation "livro" does not exist
  Posição: 194
2026-09-17T16:12:06.197-04:00  WARN 30876 --- [libraryapi] [main] o.h.engine.jdbc.spi.SqlExceptionHelper   : SQL Error: 0, SQLState: 42P01
2026-09-17T16:12:06.198-04:00 ERROR 30876 --- [libraryapi] [main] o.h.engine.jdbc.spi.SqlExceptionHelper   : ERROR: relation "livro" does not exist
  Posição: 158
2026-09-17T16:12:06.207-04:00  WARN 30876 --- [libraryapi] [main] o.h.engine.jdbc.spi.SqlExceptionHelper   : SQL Error: 0, SQLState: 42P01
2026-09-17T16:12:06.208-04:00 ERROR 30876 --- [libraryapi] [main] o.h.engine.jdbc.spi.SqlExceptionHelper   : ERROR: relation "livro" does not exist
  Posição: 158
2026-09-17T16:12:06.215-04:00  WARN 30876 --- [libraryapi] [main] o.h.engine.jdbc.spi.SqlExceptionHelper   : SQL Error: 0, SQLState: 42P01
2026-09-17T16:12:06.215-04:00 ERROR 30876 --- [libraryapi] [main] o.h.engine.jdbc.spi.SqlExceptionHelper   : ERROR: relation "livro" does not exist
  Posição: 194
2026-09-17T16:12:06.229-04:00  WARN 30876 --- [libraryapi] [main] o.h.engine.jdbc.spi.SqlExceptionHelper   : SQL Error: 0, SQLState: 42P01
2026-09-17T16:12:06.230-04:00 ERROR 30876 --- [libraryapi] [main] o.h.engine.jdbc.spi.SqlExceptionHelper   : ERROR: relation "livro" does not exist
  Posição: 158
2026-09-17T16:12:06.248-04:00  WARN 30876 --- [libraryapi] [main] o.h.engine.jdbc.spi.SqlExceptionHelper   : SQL Error: 0, SQLState: 42P01
2026-09-17T16:12:06.250-04:00 ERROR 30876 --- [libraryapi] [main] o.h.engine.jdbc.spi.SqlExceptionHelper   : ERROR: relation "livro" does not exist
  Posição: 13
2026-09-17T16:12:06.263-04:00  WARN 30876 --- [libraryapi] [main] o.h.engine.jdbc.spi.SqlExceptionHelper   : SQL Error: 0, SQLState: 42P01
2026-09-17T16:12:06.264-04:00 ERROR 30876 --- [libraryapi] [main] o.h.engine.jdbc.spi.SqlExceptionHelper   : ERROR: relation "livro" does not exist
  Posição: 8
2026-09-17T16:12:06.274-04:00  WARN 30876 --- [libraryapi] [main] o.h.engine.jdbc.spi.SqlExceptionHelper   : SQL Error: 0, SQLState: 42P01
2026-09-17T16:12:06.274-04:00 ERROR 30876 --- [libraryapi] [main] o.h.engine.jdbc.spi.SqlExceptionHelper   : ERROR: relation "livro" does not exist
  Posição: 158
2026-09-17T16:12:06.295-04:00  WARN 30876 --- [libraryapi] [main] o.h.engine.jdbc.spi.SqlExceptionHelper   : SQL Error: 0, SQLState: 42P01
2026-09-17T16:12:06.295-04:00 ERROR 30876 --- [libraryapi] [main] o.h.engine.jdbc.spi.SqlExceptionHelper   : ERROR: relation "livro" does not exist
  Posição: 194
2026-09-17T16:12:06.317-04:00 DEBUG 30876 --- [libraryapi] [SpringApplicationShutdownHook] o.s.w.c.s.GenericWebApplicationContext   : Closing org.springframework.web.context.support.GenericWebApplicationContext@d0ec63, started on Thu Sep 17 16:11:59 AMT 2026
2026-09-17T16:12:44.171-04:00  INFO 31888 --- [libraryapi] [main] i.g.c.libraryapi.ApplicationTests        : Starting ApplicationTests using Java 21.0.8 with PID 31888 (started by mayco in C:\Users\mayco\IdeaProjects\curso-spring-boot-especialista\libraryapi)
2026-09-17T16:12:44.172-04:00 DEBUG 31888 --- [libraryapi] [main] i.g.c.libraryapi.ApplicationTests        : Running with Spring Boot v3.3.4, Spring v6.1.13
2026-09-17T16:12:44.173-04:00  INFO 31888 --- [libraryapi] [main] i.g.c.libraryapi.ApplicationTests        : No active profile set, falling back to 1 default profile: "default"
2026-09-17T16:12:44.197-04:00 DEBUG 31888 --- [libraryapi] [main] o.s.w.c.s.GenericWebApplicationContext   : Refreshing org.springframework.web.context.support.GenericWebApplicationContext@d0ec63
2026-09-17T16:12:45.756-04:00  INFO 31888 --- [libraryapi] [main] i.g.c.l.config.DatabaseConfiguration     : Iniciando conexão com o banco na URL: jdbc:postgresql://localhost:5432/library
2026-09-17T16:12:45.763-04:00  WARN 31888 --- [libraryapi] [main] com.zaxxer.hikari.HikariConfig           : library-db-pool - idleTimeout is close to or more than maxLifetime, disabling it.
2026-09-17T16:12:48.581-04:00  WARN 31888 --- [libraryapi] [main] JpaBaseConfiguration$JpaWebConfiguration : spring.jpa.open-in-view is enabled by default. Therefore, database queries may be performed during view rendering. Explicitly configure spring.jpa.open-in-view to disable this warning
2026-09-17T16:12:48.621-04:00 TRACE 31888 --- [libraryapi] [main] eGlobalAuthenticationAutowiredConfigurer : Eagerly initializing {authorizationServerConfiguration=io.github.cursodsousa.libraryapi.config.AuthorizationServerConfiguration$$SpringCGLIB$$0@3cc5ca01, securityConfiguration=io.github.cursodsousa.libraryapi.config.SecurityConfiguration$$SpringCGLIB$$0@789d45f7}
2026-09-17T16:12:48.626-04:00  INFO 31888 --- [libraryapi] [main] eAuthenticationProviderManagerConfigurer : Global AuthenticationManager configured with AuthenticationProvider bean with name customAuthenticationProvider
2026-09-17T16:12:48.969-04:00 DEBUG 31888 --- [libraryapi] [main] s.w.s.m.m.a.RequestMappingHandlerMapping : 21 mappings in 'requestMappingHandlerMapping'
2026-09-17T16:12:48.988-04:00 DEBUG 31888 --- [libraryapi] [main] o.s.w.s.handler.SimpleUrlHandlerMapping  : Patterns [/login] in 'viewControllerHandlerMapping'
2026-09-17T16:12:49.178-04:00 DEBUG 31888 --- [libraryapi] [main] o.s.w.s.handler.SimpleUrlHandlerMapping  : Patterns [/swagger-ui*/*swagger-initializer.js, /swagger-ui*/**] in 'resourceHandlerMapping'
2026-09-17T16:12:49.849-04:00 DEBUG 31888 --- [libraryapi] [main] o.s.s.web.DefaultSecurityFilterChain     : Will secure org.springframework.security.oauth2.server.authorization.config.annotation.web.configurers.OAuth2AuthorizationServerConfigurer$$Lambda/0x000001fa29b35838@2d68af14 with filters: DisableEncodeUrlFilter, WebAsyncManagerIntegrationFilter, SecurityContextHolderFilter, AuthorizationServerContextFilter, HeaderWriterFilter, CsrfFilter, OidcLogoutEndpointFilter, LogoutFilter, OAuth2AuthorizationServerMetadataEndpointFilter, OAuth2AuthorizationEndpointFilter, OAuth2DeviceVerificationEndpointFilter, OidcProviderConfigurationEndpointFilter, NimbusJwkSetEndpointFilter, OAuth2ClientAuthenticationFilter, UsernamePasswordAuthenticationFilter, BearerTokenAuthenticationFilter, RequestCacheAwareFilter, SecurityContextHolderAwareRequestFilter, AnonymousAuthenticationFilter, ExceptionTranslationFilter, AuthorizationFilter, OAuth2TokenEndpointFilter, OAuth2TokenIntrospectionEndpointFilter, OAuth2TokenRevocationEndpointFilter, OAuth2DeviceAuthorizationEndpointFilter, OidcUserInfoEndpointFilter
2026-09-17T16:12:49.898-04:00 DEBUG 31888 --- [libraryapi] [main] o.s.s.web.DefaultSecurityFilterChain     : Will secure any request with filters: DisableEncodeUrlFilter, WebAsyncManagerIntegrationFilter, SecurityContextHolderFilter, HeaderWriterFilter, LogoutFilter, OAuth2AuthorizationRequestRedirectFilter, OAuth2LoginAuthenticationFilter, UsernamePasswordAuthenticationFilter, BearerTokenAuthenticationFilter, JwtCustomAuthenticationFilter, RequestCacheAwareFilter, SecurityContextHolderAwareRequestFilter, AnonymousAuthenticationFilter, ExceptionTranslationFilter, AuthorizationFilter
2026-09-17T16:12:49.907-04:00  WARN 31888 --- [libraryapi] [main] o.s.s.c.a.web.builders.WebSecurity       : You are asking Spring Security to ignore Deferred [Mvc [pattern='/v2/api-docs/**'], Ant [pattern='/v2/api-docs/**']]. This is not recommended -- please use permitAll via HttpSecurity#authorizeHttpRequests instead.
2026-09-17T16:12:49.907-04:00 DEBUG 31888 --- [libraryapi] [main] o.s.s.web.DefaultSecurityFilterChain     : Will not secure Deferred [Mvc [pattern='/v2/api-docs/**'], Ant [pattern='/v2/api-docs/**']]
2026-09-17T16:12:49.907-04:00  WARN 31888 --- [libraryapi] [main] o.s.s.c.a.web.builders.WebSecurity       : You are asking Spring Security to ignore Deferred [Mvc [pattern='/v3/api-docs/**'], Ant [pattern='/v3/api-docs/**']]. This is not recommended -- please use permitAll via HttpSecurity#authorizeHttpRequests instead.
2026-09-17T16:12:49.908-04:00 DEBUG 31888 --- [libraryapi] [main] o.s.s.web.DefaultSecurityFilterChain     : Will not secure Deferred [Mvc [pattern='/v3/api-docs/**'], Ant [pattern='/v3/api-docs/**']]
2026-09-17T16:12:49.908-04:00  WARN 31888 --- [libraryapi] [main] o.s.s.c.a.web.builders.WebSecurity       : You are asking Spring Security to ignore Deferred [Mvc [pattern='/swagger-resources/**'], Ant [pattern='/swagger-resources/**']]. This is not recommended -- please use permitAll via HttpSecurity#authorizeHttpRequests instead.
2026-09-17T16:12:49.908-04:00 DEBUG 31888 --- [libraryapi] [main] o.s.s.web.DefaultSecurityFilterChain     : Will not secure Deferred [Mvc [pattern='/swagger-resources/**'], Ant [pattern='/swagger-resources/**']]
2026-09-17T16:12:49.908-04:00  WARN 31888 --- [libraryapi] [main] o.s.s.c.a.web.builders.WebSecurity       : You are asking Spring Security to ignore Deferred [Mvc [pattern='/swagger-ui.html'], Ant [pattern='/swagger-ui.html']]. This is not recommended -- please use permitAll via HttpSecurity#authorizeHttpRequests instead.
2026-09-17T16:12:49.909-04:00 DEBUG 31888 --- [libraryapi] [main] o.s.s.web.DefaultSecurityFilterChain     : Will not secure Deferred [Mvc [pattern='/swagger-ui.html'], Ant [pattern='/swagger-ui.html']]
2026-09-17T16:12:49.909-04:00  WARN 31888 --- [libraryapi] [main] o.s.s.c.a.web.builders.WebSecurity       : You are asking Spring Security to ignore Deferred [Mvc [pattern='/swagger-ui/**'], Ant [pattern='/swagger-ui/**']]. This is not recommended -- please use permitAll via HttpSecurity#authorizeHttpRequests instead.
2026-09-17T16:12:49.909-04:00 DEBUG 31888 --- [libraryapi] [main] o.s.s.web.DefaultSecurityFilterChain     : Will not secure Deferred [Mvc [pattern='/swagger-ui/**'], Ant [pattern='/swagger-ui/**']]
2026-09-17T16:12:49.909-04:00  WARN 31888 --- [libraryapi] [main] o.s.s.c.a.web.builders.WebSecurity       : You are asking Spring Security to ignore Deferred [Mvc [pattern='/webjars/**'], Ant [pattern='/webjars/**']]. This is not recommended -- please use permitAll via HttpSecurity#authorizeHttpRequests instead.
2026-09-17T16:12:49.909-04:00 DEBUG 31888 --- [libraryapi] [main] o.s.s.web.DefaultSecurityFilterChain     : Will not secure Deferred [Mvc [pattern='/webjars/**'], Ant [pattern='/webjars/**']]
2026-09-17T16:12:49.910-04:00  WARN 31888 --- [libraryapi] [main] o.s.s.c.a.web.builders.WebSecurity       : You are asking Spring Security to ignore Deferred [Mvc [pattern='/actuator/**'], Ant [pattern='/actuator/**']]. This is not recommended -- please use permitAll via HttpSecurity#authorizeHttpRequests instead.
2026-09-17T16:12:49.910-04:00 DEBUG 31888 --- [libraryapi] [main] o.s.s.web.DefaultSecurityFilterChain     : Will not secure Deferred [Mvc [pattern='/actuator/**'], Ant [pattern='/actuator/**']]
2026-09-17T16:12:49.962-04:00 DEBUG 31888 --- [libraryapi] [main] s.w.s.m.m.a.RequestMappingHandlerAdapter : ControllerAdvice beans: 0 @ModelAttribute, 0 @InitBinder, 1 RequestBodyAdvice, 1 ResponseBodyAdvice
2026-09-17T16:12:49.999-04:00 DEBUG 31888 --- [libraryapi] [main] .m.m.a.ExceptionHandlerExceptionResolver : ControllerAdvice beans: 2 @ExceptionHandler, 1 ResponseBodyAdvice
2026-09-17T16:12:50.424-04:00  INFO 31888 --- [libraryapi] [main] i.g.c.libraryapi.ApplicationTests        : Started ApplicationTests in 6.495 seconds (process running for 7.165)
2026-09-17T16:12:50.895-04:00  WARN 31888 --- [libraryapi] [main] o.h.engine.jdbc.spi.SqlExceptionHelper   : SQL Error: 0, SQLState: 42P01
2026-09-17T16:12:51.084-04:00 ERROR 31888 --- [libraryapi] [main] o.h.engine.jdbc.spi.SqlExceptionHelper   : ERROR: relation "public.autor" does not exist
  Posição: 164
2026-09-17T16:12:51.110-04:00  WARN 31888 --- [libraryapi] [main] o.h.engine.jdbc.spi.SqlExceptionHelper   : SQL Error: 0, SQLState: 42P01
2026-09-17T16:12:51.110-04:00 ERROR 31888 --- [libraryapi] [main] o.h.engine.jdbc.spi.SqlExceptionHelper   : ERROR: relation "public.autor" does not exist
  Posição: 164
2026-09-17T16:12:51.155-04:00  WARN 31888 --- [libraryapi] [main] o.h.engine.jdbc.spi.SqlExceptionHelper   : SQL Error: 0, SQLState: 42P01
2026-09-17T16:12:51.155-04:00 ERROR 31888 --- [libraryapi] [main] o.h.engine.jdbc.spi.SqlExceptionHelper   : ERROR: relation "public.autor" does not exist
  Posição: 13
2026-09-17T16:12:51.164-04:00  WARN 31888 --- [libraryapi] [main] o.h.engine.jdbc.spi.SqlExceptionHelper   : SQL Error: 0, SQLState: 42P01
2026-09-17T16:12:51.164-04:00 ERROR 31888 --- [libraryapi] [main] o.h.engine.jdbc.spi.SqlExceptionHelper   : ERROR: relation "public.autor" does not exist
  Posição: 164
2026-09-17T16:12:51.204-04:00  WARN 31888 --- [libraryapi] [main] o.h.engine.jdbc.spi.SqlExceptionHelper   : SQL Error: 0, SQLState: 42P01
2026-09-17T16:12:51.205-04:00 ERROR 31888 --- [libraryapi] [main] o.h.engine.jdbc.spi.SqlExceptionHelper   : ERROR: relation "public.autor" does not exist
  Posição: 128
2026-09-17T16:12:51.223-04:00  WARN 31888 --- [libraryapi] [main] o.h.engine.jdbc.spi.SqlExceptionHelper   : SQL Error: 0, SQLState: 42P01
2026-09-17T16:12:51.223-04:00 ERROR 31888 --- [libraryapi] [main] o.h.engine.jdbc.spi.SqlExceptionHelper   : ERROR: relation "public.autor" does not exist
  Posição: 22
2026-09-17T16:12:51.231-04:00  WARN 31888 --- [libraryapi] [main] o.h.engine.jdbc.spi.SqlExceptionHelper   : SQL Error: 0, SQLState: 42P01
2026-09-17T16:12:51.231-04:00 ERROR 31888 --- [libraryapi] [main] o.h.engine.jdbc.spi.SqlExceptionHelper   : ERROR: relation "public.autor" does not exist
  Posição: 164
2026-09-17T16:12:51.247-04:00  WARN 31888 --- [libraryapi] [main] o.h.engine.jdbc.spi.SqlExceptionHelper   : SQL Error: 0, SQLState: 42P01
2026-09-17T16:12:51.247-04:00 ERROR 31888 --- [libraryapi] [main] o.h.engine.jdbc.spi.SqlExceptionHelper   : ERROR: relation "public.autor" does not exist
  Posição: 13
2026-09-17T16:12:51.289-04:00  WARN 31888 --- [libraryapi] [main] o.h.engine.jdbc.spi.SqlExceptionHelper   : SQL Error: 0, SQLState: 42P01
2026-09-17T16:12:51.289-04:00 ERROR 31888 --- [libraryapi] [main] o.h.engine.jdbc.spi.SqlExceptionHelper   : ERROR: relation "livro" does not exist
  Posição: 158
2026-09-17T16:12:51.305-04:00  WARN 31888 --- [libraryapi] [main] o.h.engine.jdbc.spi.SqlExceptionHelper   : SQL Error: 0, SQLState: 42P01
2026-09-17T16:12:51.305-04:00 ERROR 31888 --- [libraryapi] [main] o.h.engine.jdbc.spi.SqlExceptionHelper   : ERROR: relation "livro" does not exist
  Posição: 25
2026-09-17T16:12:51.313-04:00  WARN 31888 --- [libraryapi] [main] o.h.engine.jdbc.spi.SqlExceptionHelper   : SQL Error: 0, SQLState: 42P01
2026-09-17T16:12:51.314-04:00 ERROR 31888 --- [libraryapi] [main] o.h.engine.jdbc.spi.SqlExceptionHelper   : ERROR: relation "livro" does not exist
  Posição: 194
2026-09-17T16:12:51.320-04:00  WARN 31888 --- [libraryapi] [main] o.h.engine.jdbc.spi.SqlExceptionHelper   : SQL Error: 0, SQLState: 42P01
2026-09-17T16:12:51.320-04:00 ERROR 31888 --- [libraryapi] [main] o.h.engine.jdbc.spi.SqlExceptionHelper   : ERROR: relation "public.autor" does not exist
  Posição: 164
2026-09-17T16:12:51.327-04:00  WARN 31888 --- [libraryapi] [main] o.h.engine.jdbc.spi.SqlExceptionHelper   : SQL Error: 0, SQLState: 42P01
2026-09-17T16:12:51.327-04:00 ERROR 31888 --- [libraryapi] [main] o.h.engine.jdbc.spi.SqlExceptionHelper   : ERROR: relation "livro" does not exist
  Posição: 158
2026-09-17T16:12:51.333-04:00  WARN 31888 --- [libraryapi] [main] o.h.engine.jdbc.spi.SqlExceptionHelper   : SQL Error: 0, SQLState: 42P01
2026-09-17T16:12:51.333-04:00 ERROR 31888 --- [libraryapi] [main] o.h.engine.jdbc.spi.SqlExceptionHelper   : ERROR: relation "livro" does not exist
  Posição: 194
2026-09-17T16:12:51.341-04:00  WARN 31888 --- [libraryapi] [main] o.h.engine.jdbc.spi.SqlExceptionHelper   : SQL Error: 0, SQLState: 42P01
2026-09-17T16:12:51.342-04:00 ERROR 31888 --- [libraryapi] [main] o.h.engine.jdbc.spi.SqlExceptionHelper   : ERROR: relation "public.autor" does not exist
  Posição: 13
2026-09-17T16:12:51.350-04:00  WARN 31888 --- [libraryapi] [main] o.h.engine.jdbc.spi.SqlExceptionHelper   : SQL Error: 0, SQLState: 42P01
2026-09-17T16:12:51.350-04:00 ERROR 31888 --- [libraryapi] [main] o.h.engine.jdbc.spi.SqlExceptionHelper   : ERROR: relation "livro" does not exist
  Posição: 128
2026-09-17T16:12:51.359-04:00  WARN 31888 --- [libraryapi] [main] o.h.engine.jdbc.spi.SqlExceptionHelper   : SQL Error: 0, SQLState: 42P01
2026-09-17T16:12:51.360-04:00 ERROR 31888 --- [libraryapi] [main] o.h.engine.jdbc.spi.SqlExceptionHelper   : ERROR: relation "livro" does not exist
  Posição: 34
2026-09-17T16:12:51.366-04:00  WARN 31888 --- [libraryapi] [main] o.h.engine.jdbc.spi.SqlExceptionHelper   : SQL Error: 0, SQLState: 42P01
2026-09-17T16:12:51.366-04:00 ERROR 31888 --- [libraryapi] [main] o.h.engine.jdbc.spi.SqlExceptionHelper   : ERROR: relation "livro" does not exist
  Posição: 194
2026-09-17T16:12:51.375-04:00  WARN 31888 --- [libraryapi] [main] o.h.engine.jdbc.spi.SqlExceptionHelper   : SQL Error: 0, SQLState: 42P01
2026-09-17T16:12:51.375-04:00 ERROR 31888 --- [libraryapi] [main] o.h.engine.jdbc.spi.SqlExceptionHelper   : ERROR: relation "livro" does not exist
  Posição: 158
2026-09-17T16:12:51.382-04:00  WARN 31888 --- [libraryapi] [main] o.h.engine.jdbc.spi.SqlExceptionHelper   : SQL Error: 0, SQLState: 42P01
2026-09-17T16:12:51.383-04:00 ERROR 31888 --- [libraryapi] [main] o.h.engine.jdbc.spi.SqlExceptionHelper   : ERROR: relation "livro" does not exist
  Posição: 158
2026-09-17T16:12:51.388-04:00  WARN 31888 --- [libraryapi] [main] o.h.engine.jdbc.spi.SqlExceptionHelper   : SQL Error: 0, SQLState: 42P01
2026-09-17T16:12:51.389-04:00 ERROR 31888 --- [libraryapi] [main] o.h.engine.jdbc.spi.SqlExceptionHelper   : ERROR: relation "livro" does not exist
  Posição: 194
2026-09-17T16:12:51.399-04:00  WARN 31888 --- [libraryapi] [main] o.h.engine.jdbc.spi.SqlExceptionHelper   : SQL Error: 0, SQLState: 42P01
2026-09-17T16:12:51.399-04:00 ERROR 31888 --- [libraryapi] [main] o.h.engine.jdbc.spi.SqlExceptionHelper   : ERROR: relation "livro" does not exist
  Posição: 158
2026-09-17T16:12:51.414-04:00  WARN 31888 --- [libraryapi] [main] o.h.engine.jdbc.spi.SqlExceptionHelper   : SQL Error: 0, SQLState: 42P01
2026-09-17T16:12:51.415-04:00 ERROR 31888 --- [libraryapi] [main] o.h.engine.jdbc.spi.SqlExceptionHelper   : ERROR: relation "livro" does not exist
  Posição: 13
2026-09-17T16:12:51.425-04:00  WARN 31888 --- [libraryapi] [main] o.h.engine.jdbc.spi.SqlExceptionHelper   : SQL Error: 0, SQLState: 42P01
2026-09-17T16:12:51.425-04:00 ERROR 31888 --- [libraryapi] [main] o.h.engine.jdbc.spi.SqlExceptionHelper   : ERROR: relation "livro" does not exist
  Posição: 8
2026-09-17T16:12:51.433-04:00  WARN 31888 --- [libraryapi] [main] o.h.engine.jdbc.spi.SqlExceptionHelper   : SQL Error: 0, SQLState: 42P01
2026-09-17T16:12:51.433-04:00 ERROR 31888 --- [libraryapi] [main] o.h.engine.jdbc.spi.SqlExceptionHelper   : ERROR: relation "livro" does not exist
  Posição: 158
2026-09-17T16:12:51.454-04:00  WARN 31888 --- [libraryapi] [main] o.h.engine.jdbc.spi.SqlExceptionHelper   : SQL Error: 0, SQLState: 42P01
2026-09-17T16:12:51.455-04:00 ERROR 31888 --- [libraryapi] [main] o.h.engine.jdbc.spi.SqlExceptionHelper   : ERROR: relation "livro" does not exist
  Posição: 194
2026-09-17T16:12:51.512-04:00 DEBUG 31888 --- [libraryapi] [SpringApplicationShutdownHook] o.s.w.c.s.GenericWebApplicationContext   : Closing org.springframework.web.context.support.GenericWebApplicationContext@d0ec63, started on Thu Sep 17 16:12:44 AMT 2026
2026-09-17T16:15:46.542-04:00  INFO 22628 --- [libraryapi] [main] i.g.c.libraryapi.ApplicationTests        : Starting ApplicationTests using Java 21.0.8 with PID 22628 (started by mayco in C:\Users\mayco\IdeaProjects\curso-spring-boot-especialista\libraryapi)
2026-09-17T16:15:46.543-04:00 DEBUG 22628 --- [libraryapi] [main] i.g.c.libraryapi.ApplicationTests        : Running with Spring Boot v3.3.4, Spring v6.1.13
2026-09-17T16:15:46.544-04:00  INFO 22628 --- [libraryapi] [main] i.g.c.libraryapi.ApplicationTests        : No active profile set, falling back to 1 default profile: "default"
2026-09-17T16:15:46.568-04:00 DEBUG 22628 --- [libraryapi] [main] o.s.w.c.s.GenericWebApplicationContext   : Refreshing org.springframework.web.context.support.GenericWebApplicationContext@d0ec63
2026-09-17T16:15:48.135-04:00  INFO 22628 --- [libraryapi] [main] i.g.c.l.config.DatabaseConfiguration     : Iniciando conexão com o banco na URL: jdbc:postgresql://localhost:5432/library
2026-09-17T16:15:48.141-04:00  WARN 22628 --- [libraryapi] [main] com.zaxxer.hikari.HikariConfig           : library-db-pool - idleTimeout is close to or more than maxLifetime, disabling it.
2026-09-17T16:15:50.782-04:00  WARN 22628 --- [libraryapi] [main] JpaBaseConfiguration$JpaWebConfiguration : spring.jpa.open-in-view is enabled by default. Therefore, database queries may be performed during view rendering. Explicitly configure spring.jpa.open-in-view to disable this warning
2026-09-17T16:15:50.800-04:00 TRACE 22628 --- [libraryapi] [main] eGlobalAuthenticationAutowiredConfigurer : Eagerly initializing {authorizationServerConfiguration=io.github.cursodsousa.libraryapi.config.AuthorizationServerConfiguration$$SpringCGLIB$$0@6b61a4b0, securityConfiguration=io.github.cursodsousa.libraryapi.config.SecurityConfiguration$$SpringCGLIB$$0@30623109}
2026-09-17T16:15:50.802-04:00  INFO 22628 --- [libraryapi] [main] eAuthenticationProviderManagerConfigurer : Global AuthenticationManager configured with AuthenticationProvider bean with name customAuthenticationProvider
2026-09-17T16:15:51.048-04:00 DEBUG 22628 --- [libraryapi] [main] s.w.s.m.m.a.RequestMappingHandlerMapping : 21 mappings in 'requestMappingHandlerMapping'
2026-09-17T16:15:51.067-04:00 DEBUG 22628 --- [libraryapi] [main] o.s.w.s.handler.SimpleUrlHandlerMapping  : Patterns [/login] in 'viewControllerHandlerMapping'
2026-09-17T16:15:51.222-04:00 DEBUG 22628 --- [libraryapi] [main] o.s.w.s.handler.SimpleUrlHandlerMapping  : Patterns [/swagger-ui*/*swagger-initializer.js, /swagger-ui*/**] in 'resourceHandlerMapping'
2026-09-17T16:15:51.738-04:00 DEBUG 22628 --- [libraryapi] [main] o.s.s.web.DefaultSecurityFilterChain     : Will secure org.springframework.security.oauth2.server.authorization.config.annotation.web.configurers.OAuth2AuthorizationServerConfigurer$$Lambda/0x0000021947b31738@28d26e57 with filters: DisableEncodeUrlFilter, WebAsyncManagerIntegrationFilter, SecurityContextHolderFilter, AuthorizationServerContextFilter, HeaderWriterFilter, CsrfFilter, OidcLogoutEndpointFilter, LogoutFilter, OAuth2AuthorizationServerMetadataEndpointFilter, OAuth2AuthorizationEndpointFilter, OAuth2DeviceVerificationEndpointFilter, OidcProviderConfigurationEndpointFilter, NimbusJwkSetEndpointFilter, OAuth2ClientAuthenticationFilter, UsernamePasswordAuthenticationFilter, BearerTokenAuthenticationFilter, RequestCacheAwareFilter, SecurityContextHolderAwareRequestFilter, AnonymousAuthenticationFilter, ExceptionTranslationFilter, AuthorizationFilter, OAuth2TokenEndpointFilter, OAuth2TokenIntrospectionEndpointFilter, OAuth2TokenRevocationEndpointFilter, OAuth2DeviceAuthorizationEndpointFilter, OidcUserInfoEndpointFilter
2026-09-17T16:15:51.774-04:00 DEBUG 22628 --- [libraryapi] [main] o.s.s.web.DefaultSecurityFilterChain     : Will secure any request with filters: DisableEncodeUrlFilter, WebAsyncManagerIntegrationFilter, SecurityContextHolderFilter, HeaderWriterFilter, LogoutFilter, OAuth2AuthorizationRequestRedirectFilter, OAuth2LoginAuthenticationFilter, UsernamePasswordAuthenticationFilter, BearerTokenAuthenticationFilter, JwtCustomAuthenticationFilter, RequestCacheAwareFilter, SecurityContextHolderAwareRequestFilter, AnonymousAuthenticationFilter, ExceptionTranslationFilter, AuthorizationFilter
2026-09-17T16:15:51.783-04:00  WARN 22628 --- [libraryapi] [main] o.s.s.c.a.web.builders.WebSecurity       : You are asking Spring Security to ignore Deferred [Mvc [pattern='/v2/api-docs/**'], Ant [pattern='/v2/api-docs/**']]. This is not recommended -- please use permitAll via HttpSecurity#authorizeHttpRequests instead.
2026-09-17T16:15:51.783-04:00 DEBUG 22628 --- [libraryapi] [main] o.s.s.web.DefaultSecurityFilterChain     : Will not secure Deferred [Mvc [pattern='/v2/api-docs/**'], Ant [pattern='/v2/api-docs/**']]
2026-09-17T16:15:51.784-04:00  WARN 22628 --- [libraryapi] [main] o.s.s.c.a.web.builders.WebSecurity       : You are asking Spring Security to ignore Deferred [Mvc [pattern='/v3/api-docs/**'], Ant [pattern='/v3/api-docs/**']]. This is not recommended -- please use permitAll via HttpSecurity#authorizeHttpRequests instead.
2026-09-17T16:15:51.784-04:00 DEBUG 22628 --- [libraryapi] [main] o.s.s.web.DefaultSecurityFilterChain     : Will not secure Deferred [Mvc [pattern='/v3/api-docs/**'], Ant [pattern='/v3/api-docs/**']]
2026-09-17T16:15:51.784-04:00  WARN 22628 --- [libraryapi] [main] o.s.s.c.a.web.builders.WebSecurity       : You are asking Spring Security to ignore Deferred [Mvc [pattern='/swagger-resources/**'], Ant [pattern='/swagger-resources/**']]. This is not recommended -- please use permitAll via HttpSecurity#authorizeHttpRequests instead.
2026-09-17T16:15:51.784-04:00 DEBUG 22628 --- [libraryapi] [main] o.s.s.web.DefaultSecurityFilterChain     : Will not secure Deferred [Mvc [pattern='/swagger-resources/**'], Ant [pattern='/swagger-resources/**']]
2026-09-17T16:15:51.784-04:00  WARN 22628 --- [libraryapi] [main] o.s.s.c.a.web.builders.WebSecurity       : You are asking Spring Security to ignore Deferred [Mvc [pattern='/swagger-ui.html'], Ant [pattern='/swagger-ui.html']]. This is not recommended -- please use permitAll via HttpSecurity#authorizeHttpRequests instead.
2026-09-17T16:15:51.784-04:00 DEBUG 22628 --- [libraryapi] [main] o.s.s.web.DefaultSecurityFilterChain     : Will not secure Deferred [Mvc [pattern='/swagger-ui.html'], Ant [pattern='/swagger-ui.html']]
2026-09-17T16:15:51.784-04:00  WARN 22628 --- [libraryapi] [main] o.s.s.c.a.web.builders.WebSecurity       : You are asking Spring Security to ignore Deferred [Mvc [pattern='/swagger-ui/**'], Ant [pattern='/swagger-ui/**']]. This is not recommended -- please use permitAll via HttpSecurity#authorizeHttpRequests instead.
2026-09-17T16:15:51.785-04:00 DEBUG 22628 --- [libraryapi] [main] o.s.s.web.DefaultSecurityFilterChain     : Will not secure Deferred [Mvc [pattern='/swagger-ui/**'], Ant [pattern='/swagger-ui/**']]
2026-09-17T16:15:51.785-04:00  WARN 22628 --- [libraryapi] [main] o.s.s.c.a.web.builders.WebSecurity       : You are asking Spring Security to ignore Deferred [Mvc [pattern='/webjars/**'], Ant [pattern='/webjars/**']]. This is not recommended -- please use permitAll via HttpSecurity#authorizeHttpRequests instead.
2026-09-17T16:15:51.785-04:00 DEBUG 22628 --- [libraryapi] [main] o.s.s.web.DefaultSecurityFilterChain     : Will not secure Deferred [Mvc [pattern='/webjars/**'], Ant [pattern='/webjars/**']]
2026-09-17T16:15:51.785-04:00  WARN 22628 --- [libraryapi] [main] o.s.s.c.a.web.builders.WebSecurity       : You are asking Spring Security to ignore Deferred [Mvc [pattern='/actuator/**'], Ant [pattern='/actuator/**']]. This is not recommended -- please use permitAll via HttpSecurity#authorizeHttpRequests instead.
2026-09-17T16:15:51.785-04:00 DEBUG 22628 --- [libraryapi] [main] o.s.s.web.DefaultSecurityFilterChain     : Will not secure Deferred [Mvc [pattern='/actuator/**'], Ant [pattern='/actuator/**']]
2026-09-17T16:15:51.839-04:00 DEBUG 22628 --- [libraryapi] [main] s.w.s.m.m.a.RequestMappingHandlerAdapter : ControllerAdvice beans: 0 @ModelAttribute, 0 @InitBinder, 1 RequestBodyAdvice, 1 ResponseBodyAdvice
2026-09-17T16:15:51.869-04:00 DEBUG 22628 --- [libraryapi] [main] .m.m.a.ExceptionHandlerExceptionResolver : ControllerAdvice beans: 2 @ExceptionHandler, 1 ResponseBodyAdvice
2026-09-17T16:15:52.285-04:00  INFO 22628 --- [libraryapi] [main] i.g.c.libraryapi.ApplicationTests        : Started ApplicationTests in 5.992 seconds (process running for 6.677)
2026-09-17T16:15:53.035-04:00  WARN 22628 --- [libraryapi] [main] o.h.engine.jdbc.spi.SqlExceptionHelper   : SQL Error: 0, SQLState: 23502
2026-09-17T16:15:53.035-04:00 ERROR 22628 --- [libraryapi] [main] o.h.engine.jdbc.spi.SqlExceptionHelper   : ERROR: null value in column "id_autor" of relation "livro" violates not-null constraint
  Detalhe: Failing row contains (1017762d-d9db-4a78-aca0-70f5903b273a, 90887-84874, Ciencias, 1980-01-02, CIENCIA, 100.00, 2026-09-17 16:15:53.008922, 2026-09-17 16:15:53.008922, null, null).
2026-09-17T16:15:53.178-04:00 DEBUG 22628 --- [libraryapi] [SpringApplicationShutdownHook] o.s.w.c.s.GenericWebApplicationContext   : Closing org.springframework.web.context.support.GenericWebApplicationContext@d0ec63, started on Thu Sep 17 16:15:46 AMT 2026
2026-09-17T16:16:05.110-04:00  INFO 18220 --- [libraryapi] [main] i.g.c.libraryapi.ApplicationTests        : Starting ApplicationTests using Java 21.0.8 with PID 18220 (started by mayco in C:\Users\mayco\IdeaProjects\curso-spring-boot-especialista\libraryapi)
2026-09-17T16:16:05.111-04:00 DEBUG 18220 --- [libraryapi] [main] i.g.c.libraryapi.ApplicationTests        : Running with Spring Boot v3.3.4, Spring v6.1.13
2026-09-17T16:16:05.111-04:00  INFO 18220 --- [libraryapi] [main] i.g.c.libraryapi.ApplicationTests        : No active profile set, falling back to 1 default profile: "default"
2026-09-17T16:16:05.134-04:00 DEBUG 18220 --- [libraryapi] [main] o.s.w.c.s.GenericWebApplicationContext   : Refreshing org.springframework.web.context.support.GenericWebApplicationContext@d0ec63
2026-09-17T16:16:06.745-04:00  INFO 18220 --- [libraryapi] [main] i.g.c.l.config.DatabaseConfiguration     : Iniciando conexão com o banco na URL: jdbc:postgresql://localhost:5432/library
2026-09-17T16:16:06.750-04:00  WARN 18220 --- [libraryapi] [main] com.zaxxer.hikari.HikariConfig           : library-db-pool - idleTimeout is close to or more than maxLifetime, disabling it.
2026-09-17T16:16:09.408-04:00  WARN 18220 --- [libraryapi] [main] JpaBaseConfiguration$JpaWebConfiguration : spring.jpa.open-in-view is enabled by default. Therefore, database queries may be performed during view rendering. Explicitly configure spring.jpa.open-in-view to disable this warning
2026-09-17T16:16:09.438-04:00 TRACE 18220 --- [libraryapi] [main] eGlobalAuthenticationAutowiredConfigurer : Eagerly initializing {authorizationServerConfiguration=io.github.cursodsousa.libraryapi.config.AuthorizationServerConfiguration$$SpringCGLIB$$0@389fad5b, securityConfiguration=io.github.cursodsousa.libraryapi.config.SecurityConfiguration$$SpringCGLIB$$0@54c1878b}
2026-09-17T16:16:09.440-04:00  INFO 18220 --- [libraryapi] [main] eAuthenticationProviderManagerConfigurer : Global AuthenticationManager configured with AuthenticationProvider bean with name customAuthenticationProvider
2026-09-17T16:16:09.813-04:00 DEBUG 18220 --- [libraryapi] [main] s.w.s.m.m.a.RequestMappingHandlerMapping : 21 mappings in 'requestMappingHandlerMapping'
2026-09-17T16:16:09.830-04:00 DEBUG 18220 --- [libraryapi] [main] o.s.w.s.handler.SimpleUrlHandlerMapping  : Patterns [/login] in 'viewControllerHandlerMapping'
2026-09-17T16:16:10.005-04:00 DEBUG 18220 --- [libraryapi] [main] o.s.w.s.handler.SimpleUrlHandlerMapping  : Patterns [/swagger-ui*/*swagger-initializer.js, /swagger-ui*/**] in 'resourceHandlerMapping'
2026-09-17T16:16:10.758-04:00 DEBUG 18220 --- [libraryapi] [main] o.s.s.web.DefaultSecurityFilterChain     : Will secure org.springframework.security.oauth2.server.authorization.config.annotation.web.configurers.OAuth2AuthorizationServerConfigurer$$Lambda/0x000001a501b338f0@34bbfd4b with filters: DisableEncodeUrlFilter, WebAsyncManagerIntegrationFilter, SecurityContextHolderFilter, AuthorizationServerContextFilter, HeaderWriterFilter, CsrfFilter, OidcLogoutEndpointFilter, LogoutFilter, OAuth2AuthorizationServerMetadataEndpointFilter, OAuth2AuthorizationEndpointFilter, OAuth2DeviceVerificationEndpointFilter, OidcProviderConfigurationEndpointFilter, NimbusJwkSetEndpointFilter, OAuth2ClientAuthenticationFilter, UsernamePasswordAuthenticationFilter, BearerTokenAuthenticationFilter, RequestCacheAwareFilter, SecurityContextHolderAwareRequestFilter, AnonymousAuthenticationFilter, ExceptionTranslationFilter, AuthorizationFilter, OAuth2TokenEndpointFilter, OAuth2TokenIntrospectionEndpointFilter, OAuth2TokenRevocationEndpointFilter, OAuth2DeviceAuthorizationEndpointFilter, OidcUserInfoEndpointFilter
2026-09-17T16:16:10.793-04:00 DEBUG 18220 --- [libraryapi] [main] o.s.s.web.DefaultSecurityFilterChain     : Will secure any request with filters: DisableEncodeUrlFilter, WebAsyncManagerIntegrationFilter, SecurityContextHolderFilter, HeaderWriterFilter, LogoutFilter, OAuth2AuthorizationRequestRedirectFilter, OAuth2LoginAuthenticationFilter, UsernamePasswordAuthenticationFilter, BearerTokenAuthenticationFilter, JwtCustomAuthenticationFilter, RequestCacheAwareFilter, SecurityContextHolderAwareRequestFilter, AnonymousAuthenticationFilter, ExceptionTranslationFilter, AuthorizationFilter
2026-09-17T16:16:10.800-04:00  WARN 18220 --- [libraryapi] [main] o.s.s.c.a.web.builders.WebSecurity       : You are asking Spring Security to ignore Deferred [Mvc [pattern='/v2/api-docs/**'], Ant [pattern='/v2/api-docs/**']]. This is not recommended -- please use permitAll via HttpSecurity#authorizeHttpRequests instead.
2026-09-17T16:16:10.800-04:00 DEBUG 18220 --- [libraryapi] [main] o.s.s.web.DefaultSecurityFilterChain     : Will not secure Deferred [Mvc [pattern='/v2/api-docs/**'], Ant [pattern='/v2/api-docs/**']]
2026-09-17T16:16:10.801-04:00  WARN 18220 --- [libraryapi] [main] o.s.s.c.a.web.builders.WebSecurity       : You are asking Spring Security to ignore Deferred [Mvc [pattern='/v3/api-docs/**'], Ant [pattern='/v3/api-docs/**']]. This is not recommended -- please use permitAll via HttpSecurity#authorizeHttpRequests instead.
2026-09-17T16:16:10.801-04:00 DEBUG 18220 --- [libraryapi] [main] o.s.s.web.DefaultSecurityFilterChain     : Will not secure Deferred [Mvc [pattern='/v3/api-docs/**'], Ant [pattern='/v3/api-docs/**']]
2026-09-17T16:16:10.801-04:00  WARN 18220 --- [libraryapi] [main] o.s.s.c.a.web.builders.WebSecurity       : You are asking Spring Security to ignore Deferred [Mvc [pattern='/swagger-resources/**'], Ant [pattern='/swagger-resources/**']]. This is not recommended -- please use permitAll via HttpSecurity#authorizeHttpRequests instead.
2026-09-17T16:16:10.801-04:00 DEBUG 18220 --- [libraryapi] [main] o.s.s.web.DefaultSecurityFilterChain     : Will not secure Deferred [Mvc [pattern='/swagger-resources/**'], Ant [pattern='/swagger-resources/**']]
2026-09-17T16:16:10.801-04:00  WARN 18220 --- [libraryapi] [main] o.s.s.c.a.web.builders.WebSecurity       : You are asking Spring Security to ignore Deferred [Mvc [pattern='/swagger-ui.html'], Ant [pattern='/swagger-ui.html']]. This is not recommended -- please use permitAll via HttpSecurity#authorizeHttpRequests instead.
2026-09-17T16:16:10.801-04:00 DEBUG 18220 --- [libraryapi] [main] o.s.s.web.DefaultSecurityFilterChain     : Will not secure Deferred [Mvc [pattern='/swagger-ui.html'], Ant [pattern='/swagger-ui.html']]
2026-09-17T16:16:10.801-04:00  WARN 18220 --- [libraryapi] [main] o.s.s.c.a.web.builders.WebSecurity       : You are asking Spring Security to ignore Deferred [Mvc [pattern='/swagger-ui/**'], Ant [pattern='/swagger-ui/**']]. This is not recommended -- please use permitAll via HttpSecurity#authorizeHttpRequests instead.
2026-09-17T16:16:10.802-04:00 DEBUG 18220 --- [libraryapi] [main] o.s.s.web.DefaultSecurityFilterChain     : Will not secure Deferred [Mvc [pattern='/swagger-ui/**'], Ant [pattern='/swagger-ui/**']]
2026-09-17T16:16:10.802-04:00  WARN 18220 --- [libraryapi] [main] o.s.s.c.a.web.builders.WebSecurity       : You are asking Spring Security to ignore Deferred [Mvc [pattern='/webjars/**'], Ant [pattern='/webjars/**']]. This is not recommended -- please use permitAll via HttpSecurity#authorizeHttpRequests instead.
2026-09-17T16:16:10.802-04:00 DEBUG 18220 --- [libraryapi] [main] o.s.s.web.DefaultSecurityFilterChain     : Will not secure Deferred [Mvc [pattern='/webjars/**'], Ant [pattern='/webjars/**']]
2026-09-17T16:16:10.802-04:00  WARN 18220 --- [libraryapi] [main] o.s.s.c.a.web.builders.WebSecurity       : You are asking Spring Security to ignore Deferred [Mvc [pattern='/actuator/**'], Ant [pattern='/actuator/**']]. This is not recommended -- please use permitAll via HttpSecurity#authorizeHttpRequests instead.
2026-09-17T16:16:10.802-04:00 DEBUG 18220 --- [libraryapi] [main] o.s.s.web.DefaultSecurityFilterChain     : Will not secure Deferred [Mvc [pattern='/actuator/**'], Ant [pattern='/actuator/**']]
2026-09-17T16:16:10.852-04:00 DEBUG 18220 --- [libraryapi] [main] s.w.s.m.m.a.RequestMappingHandlerAdapter : ControllerAdvice beans: 0 @ModelAttribute, 0 @InitBinder, 1 RequestBodyAdvice, 1 ResponseBodyAdvice
2026-09-17T16:16:10.885-04:00 DEBUG 18220 --- [libraryapi] [main] .m.m.a.ExceptionHandlerExceptionResolver : ControllerAdvice beans: 2 @ExceptionHandler, 1 ResponseBodyAdvice
2026-09-17T16:16:11.327-04:00  INFO 18220 --- [libraryapi] [main] i.g.c.libraryapi.ApplicationTests        : Started ApplicationTests in 6.459 seconds (process running for 7.139)
2026-09-17T16:16:12.097-04:00  WARN 18220 --- [libraryapi] [main] o.h.engine.jdbc.spi.SqlExceptionHelper   : SQL Error: 0, SQLState: 23502
2026-09-17T16:16:12.097-04:00 ERROR 18220 --- [libraryapi] [main] o.h.engine.jdbc.spi.SqlExceptionHelper   : ERROR: null value in column "id_autor" of relation "livro" violates not-null constraint
  Detalhe: Failing row contains (dcff74b5-927a-4995-93ed-ddcadf624f39, 90887-84874, Ciencias, 1980-01-02, CIENCIA, 100.00, 2026-09-17 16:16:12.090759, 2026-09-17 16:16:12.090759, null, null).
2026-09-17T16:16:12.121-04:00  WARN 18220 --- [libraryapi] [main] o.h.engine.jdbc.spi.SqlExceptionHelper   : SQL Error: 0, SQLState: 23505
2026-09-17T16:16:12.121-04:00 ERROR 18220 --- [libraryapi] [main] o.h.engine.jdbc.spi.SqlExceptionHelper   : ERROR: duplicate key value violates unique constraint "livro_isbn_key"
  Detalhe: Key (isbn)=(90887-84874) already exists.
2026-09-17T16:16:12.240-04:00 DEBUG 18220 --- [libraryapi] [SpringApplicationShutdownHook] o.s.w.c.s.GenericWebApplicationContext   : Closing org.springframework.web.context.support.GenericWebApplicationContext@d0ec63, started on Thu Sep 17 16:16:05 AMT 2026
2026-09-17T16:17:16.785-04:00  INFO 35748 --- [libraryapi] [main] i.g.c.libraryapi.ApplicationTests        : Starting ApplicationTests using Java 21.0.8 with PID 35748 (started by mayco in C:\Users\mayco\IdeaProjects\curso-spring-boot-especialista\libraryapi)
2026-09-17T16:17:16.786-04:00 DEBUG 35748 --- [libraryapi] [main] i.g.c.libraryapi.ApplicationTests        : Running with Spring Boot v3.3.4, Spring v6.1.13
2026-09-17T16:17:16.786-04:00  INFO 35748 --- [libraryapi] [main] i.g.c.libraryapi.ApplicationTests        : No active profile set, falling back to 1 default profile: "default"
2026-09-17T16:17:16.809-04:00 DEBUG 35748 --- [libraryapi] [main] o.s.w.c.s.GenericWebApplicationContext   : Refreshing org.springframework.web.context.support.GenericWebApplicationContext@d0ec63
2026-09-17T16:17:18.388-04:00  INFO 35748 --- [libraryapi] [main] i.g.c.l.config.DatabaseConfiguration     : Iniciando conexão com o banco na URL: jdbc:postgresql://localhost:5432/library
2026-09-17T16:17:18.393-04:00  WARN 35748 --- [libraryapi] [main] com.zaxxer.hikari.HikariConfig           : library-db-pool - idleTimeout is close to or more than maxLifetime, disabling it.
2026-09-17T16:17:21.012-04:00  WARN 35748 --- [libraryapi] [main] JpaBaseConfiguration$JpaWebConfiguration : spring.jpa.open-in-view is enabled by default. Therefore, database queries may be performed during view rendering. Explicitly configure spring.jpa.open-in-view to disable this warning
2026-09-17T16:17:21.044-04:00 TRACE 35748 --- [libraryapi] [main] eGlobalAuthenticationAutowiredConfigurer : Eagerly initializing {authorizationServerConfiguration=io.github.cursodsousa.libraryapi.config.AuthorizationServerConfiguration$$SpringCGLIB$$0@3cc5ca01, securityConfiguration=io.github.cursodsousa.libraryapi.config.SecurityConfiguration$$SpringCGLIB$$0@789d45f7}
2026-09-17T16:17:21.047-04:00  INFO 35748 --- [libraryapi] [main] eAuthenticationProviderManagerConfigurer : Global AuthenticationManager configured with AuthenticationProvider bean with name customAuthenticationProvider
2026-09-17T16:17:21.314-04:00 DEBUG 35748 --- [libraryapi] [main] s.w.s.m.m.a.RequestMappingHandlerMapping : 21 mappings in 'requestMappingHandlerMapping'
2026-09-17T16:17:21.334-04:00 DEBUG 35748 --- [libraryapi] [main] o.s.w.s.handler.SimpleUrlHandlerMapping  : Patterns [/login] in 'viewControllerHandlerMapping'
2026-09-17T16:17:21.487-04:00 DEBUG 35748 --- [libraryapi] [main] o.s.w.s.handler.SimpleUrlHandlerMapping  : Patterns [/swagger-ui*/*swagger-initializer.js, /swagger-ui*/**] in 'resourceHandlerMapping'
2026-09-17T16:17:21.990-04:00 DEBUG 35748 --- [libraryapi] [main] o.s.s.web.DefaultSecurityFilterChain     : Will secure org.springframework.security.oauth2.server.authorization.config.annotation.web.configurers.OAuth2AuthorizationServerConfigurer$$Lambda/0x0000018355b2d838@5a52b5f8 with filters: DisableEncodeUrlFilter, WebAsyncManagerIntegrationFilter, SecurityContextHolderFilter, AuthorizationServerContextFilter, HeaderWriterFilter, CsrfFilter, OidcLogoutEndpointFilter, LogoutFilter, OAuth2AuthorizationServerMetadataEndpointFilter, OAuth2AuthorizationEndpointFilter, OAuth2DeviceVerificationEndpointFilter, OidcProviderConfigurationEndpointFilter, NimbusJwkSetEndpointFilter, OAuth2ClientAuthenticationFilter, UsernamePasswordAuthenticationFilter, BearerTokenAuthenticationFilter, RequestCacheAwareFilter, SecurityContextHolderAwareRequestFilter, AnonymousAuthenticationFilter, ExceptionTranslationFilter, AuthorizationFilter, OAuth2TokenEndpointFilter, OAuth2TokenIntrospectionEndpointFilter, OAuth2TokenRevocationEndpointFilter, OAuth2DeviceAuthorizationEndpointFilter, OidcUserInfoEndpointFilter
2026-09-17T16:17:22.028-04:00 DEBUG 35748 --- [libraryapi] [main] o.s.s.web.DefaultSecurityFilterChain     : Will secure any request with filters: DisableEncodeUrlFilter, WebAsyncManagerIntegrationFilter, SecurityContextHolderFilter, HeaderWriterFilter, LogoutFilter, OAuth2AuthorizationRequestRedirectFilter, OAuth2LoginAuthenticationFilter, UsernamePasswordAuthenticationFilter, BearerTokenAuthenticationFilter, JwtCustomAuthenticationFilter, RequestCacheAwareFilter, SecurityContextHolderAwareRequestFilter, AnonymousAuthenticationFilter, ExceptionTranslationFilter, AuthorizationFilter
2026-09-17T16:17:22.036-04:00  WARN 35748 --- [libraryapi] [main] o.s.s.c.a.web.builders.WebSecurity       : You are asking Spring Security to ignore Deferred [Mvc [pattern='/v2/api-docs/**'], Ant [pattern='/v2/api-docs/**']]. This is not recommended -- please use permitAll via HttpSecurity#authorizeHttpRequests instead.
2026-09-17T16:17:22.037-04:00 DEBUG 35748 --- [libraryapi] [main] o.s.s.web.DefaultSecurityFilterChain     : Will not secure Deferred [Mvc [pattern='/v2/api-docs/**'], Ant [pattern='/v2/api-docs/**']]
2026-09-17T16:17:22.037-04:00  WARN 35748 --- [libraryapi] [main] o.s.s.c.a.web.builders.WebSecurity       : You are asking Spring Security to ignore Deferred [Mvc [pattern='/v3/api-docs/**'], Ant [pattern='/v3/api-docs/**']]. This is not recommended -- please use permitAll via HttpSecurity#authorizeHttpRequests instead.
2026-09-17T16:17:22.037-04:00 DEBUG 35748 --- [libraryapi] [main] o.s.s.web.DefaultSecurityFilterChain     : Will not secure Deferred [Mvc [pattern='/v3/api-docs/**'], Ant [pattern='/v3/api-docs/**']]
2026-09-17T16:17:22.037-04:00  WARN 35748 --- [libraryapi] [main] o.s.s.c.a.web.builders.WebSecurity       : You are asking Spring Security to ignore Deferred [Mvc [pattern='/swagger-resources/**'], Ant [pattern='/swagger-resources/**']]. This is not recommended -- please use permitAll via HttpSecurity#authorizeHttpRequests instead.
2026-09-17T16:17:22.037-04:00 DEBUG 35748 --- [libraryapi] [main] o.s.s.web.DefaultSecurityFilterChain     : Will not secure Deferred [Mvc [pattern='/swagger-resources/**'], Ant [pattern='/swagger-resources/**']]
2026-09-17T16:17:22.038-04:00  WARN 35748 --- [libraryapi] [main] o.s.s.c.a.web.builders.WebSecurity       : You are asking Spring Security to ignore Deferred [Mvc [pattern='/swagger-ui.html'], Ant [pattern='/swagger-ui.html']]. This is not recommended -- please use permitAll via HttpSecurity#authorizeHttpRequests instead.
2026-09-17T16:17:22.038-04:00 DEBUG 35748 --- [libraryapi] [main] o.s.s.web.DefaultSecurityFilterChain     : Will not secure Deferred [Mvc [pattern='/swagger-ui.html'], Ant [pattern='/swagger-ui.html']]
2026-09-17T16:17:22.038-04:00  WARN 35748 --- [libraryapi] [main] o.s.s.c.a.web.builders.WebSecurity       : You are asking Spring Security to ignore Deferred [Mvc [pattern='/swagger-ui/**'], Ant [pattern='/swagger-ui/**']]. This is not recommended -- please use permitAll via HttpSecurity#authorizeHttpRequests instead.
2026-09-17T16:17:22.038-04:00 DEBUG 35748 --- [libraryapi] [main] o.s.s.web.DefaultSecurityFilterChain     : Will not secure Deferred [Mvc [pattern='/swagger-ui/**'], Ant [pattern='/swagger-ui/**']]
2026-09-17T16:17:22.038-04:00  WARN 35748 --- [libraryapi] [main] o.s.s.c.a.web.builders.WebSecurity       : You are asking Spring Security to ignore Deferred [Mvc [pattern='/webjars/**'], Ant [pattern='/webjars/**']]. This is not recommended -- please use permitAll via HttpSecurity#authorizeHttpRequests instead.
2026-09-17T16:17:22.038-04:00 DEBUG 35748 --- [libraryapi] [main] o.s.s.web.DefaultSecurityFilterChain     : Will not secure Deferred [Mvc [pattern='/webjars/**'], Ant [pattern='/webjars/**']]
2026-09-17T16:17:22.038-04:00  WARN 35748 --- [libraryapi] [main] o.s.s.c.a.web.builders.WebSecurity       : You are asking Spring Security to ignore Deferred [Mvc [pattern='/actuator/**'], Ant [pattern='/actuator/**']]. This is not recommended -- please use permitAll via HttpSecurity#authorizeHttpRequests instead.
2026-09-17T16:17:22.038-04:00 DEBUG 35748 --- [libraryapi] [main] o.s.s.web.DefaultSecurityFilterChain     : Will not secure Deferred [Mvc [pattern='/actuator/**'], Ant [pattern='/actuator/**']]
2026-09-17T16:17:22.087-04:00 DEBUG 35748 --- [libraryapi] [main] s.w.s.m.m.a.RequestMappingHandlerAdapter : ControllerAdvice beans: 0 @ModelAttribute, 0 @InitBinder, 1 RequestBodyAdvice, 1 ResponseBodyAdvice
2026-09-17T16:17:22.113-04:00 DEBUG 35748 --- [libraryapi] [main] .m.m.a.ExceptionHandlerExceptionResolver : ControllerAdvice beans: 2 @ExceptionHandler, 1 ResponseBodyAdvice
2026-09-17T16:17:22.519-04:00  INFO 35748 --- [libraryapi] [main] i.g.c.libraryapi.ApplicationTests        : Started ApplicationTests in 5.959 seconds (process running for 6.64)
2026-09-17T16:17:23.256-04:00  WARN 35748 --- [libraryapi] [main] o.h.engine.jdbc.spi.SqlExceptionHelper   : SQL Error: 0, SQLState: 23502
2026-09-17T16:17:23.257-04:00 ERROR 35748 --- [libraryapi] [main] o.h.engine.jdbc.spi.SqlExceptionHelper   : ERROR: null value in column "id_autor" of relation "livro" violates not-null constraint
  Detalhe: Failing row contains (dec4b4c1-00e0-423d-bdf7-8f09a5be3e77, 90887-84874, Ciencias, 1980-01-02, CIENCIA, 100.00, 2026-09-17 16:17:23.250414, 2026-09-17 16:17:23.250414, null, null).
2026-09-17T16:17:23.289-04:00  WARN 35748 --- [libraryapi] [main] o.h.engine.jdbc.spi.SqlExceptionHelper   : SQL Error: 0, SQLState: 23505
2026-09-17T16:17:23.289-04:00 ERROR 35748 --- [libraryapi] [main] o.h.engine.jdbc.spi.SqlExceptionHelper   : ERROR: duplicate key value violates unique constraint "livro_isbn_key"
  Detalhe: Key (isbn)=(90887-84874) already exists.
2026-09-17T16:17:23.411-04:00 DEBUG 35748 --- [libraryapi] [SpringApplicationShutdownHook] o.s.w.c.s.GenericWebApplicationContext   : Closing org.springframework.web.context.support.GenericWebApplicationContext@d0ec63, started on Thu Sep 17 16:17:16 AMT 2026
2026-09-17T16:20:24.939-04:00  INFO 20576 --- [libraryapi] [main] i.g.c.libraryapi.ApplicationTests        : Starting ApplicationTests using Java 21.0.8 with PID 20576 (started by mayco in C:\Users\mayco\IdeaProjects\curso-spring-boot-especialista\libraryapi)
2026-09-17T16:20:24.940-04:00 DEBUG 20576 --- [libraryapi] [main] i.g.c.libraryapi.ApplicationTests        : Running with Spring Boot v3.3.4, Spring v6.1.13
2026-09-17T16:20:24.941-04:00  INFO 20576 --- [libraryapi] [main] i.g.c.libraryapi.ApplicationTests        : No active profile set, falling back to 1 default profile: "default"
2026-09-17T16:20:24.964-04:00 DEBUG 20576 --- [libraryapi] [main] o.s.w.c.s.GenericWebApplicationContext   : Refreshing org.springframework.web.context.support.GenericWebApplicationContext@69e308c6
2026-09-17T16:20:26.598-04:00  INFO 20576 --- [libraryapi] [main] i.g.c.l.config.DatabaseConfiguration     : Iniciando conexão com o banco na URL: jdbc:postgresql://localhost:5432/library
2026-09-17T16:20:26.603-04:00  WARN 20576 --- [libraryapi] [main] com.zaxxer.hikari.HikariConfig           : library-db-pool - idleTimeout is close to or more than maxLifetime, disabling it.
2026-09-17T16:20:29.430-04:00  WARN 20576 --- [libraryapi] [main] JpaBaseConfiguration$JpaWebConfiguration : spring.jpa.open-in-view is enabled by default. Therefore, database queries may be performed during view rendering. Explicitly configure spring.jpa.open-in-view to disable this warning
2026-09-17T16:20:29.460-04:00 TRACE 20576 --- [libraryapi] [main] eGlobalAuthenticationAutowiredConfigurer : Eagerly initializing {authorizationServerConfiguration=io.github.cursodsousa.libraryapi.config.AuthorizationServerConfiguration$$SpringCGLIB$$0@23f27434, securityConfiguration=io.github.cursodsousa.libraryapi.config.SecurityConfiguration$$SpringCGLIB$$0@28f7cca4}
2026-09-17T16:20:29.463-04:00  INFO 20576 --- [libraryapi] [main] eAuthenticationProviderManagerConfigurer : Global AuthenticationManager configured with AuthenticationProvider bean with name customAuthenticationProvider
2026-09-17T16:20:29.777-04:00 DEBUG 20576 --- [libraryapi] [main] s.w.s.m.m.a.RequestMappingHandlerMapping : 21 mappings in 'requestMappingHandlerMapping'
2026-09-17T16:20:29.798-04:00 DEBUG 20576 --- [libraryapi] [main] o.s.w.s.handler.SimpleUrlHandlerMapping  : Patterns [/login] in 'viewControllerHandlerMapping'
2026-09-17T16:20:29.990-04:00 DEBUG 20576 --- [libraryapi] [main] o.s.w.s.handler.SimpleUrlHandlerMapping  : Patterns [/swagger-ui*/*swagger-initializer.js, /swagger-ui*/**] in 'resourceHandlerMapping'
2026-09-17T16:20:30.600-04:00 DEBUG 20576 --- [libraryapi] [main] o.s.s.web.DefaultSecurityFilterChain     : Will secure org.springframework.security.oauth2.server.authorization.config.annotation.web.configurers.OAuth2AuthorizationServerConfigurer$$Lambda/0x000001b001b432a0@55be2608 with filters: DisableEncodeUrlFilter, WebAsyncManagerIntegrationFilter, SecurityContextHolderFilter, AuthorizationServerContextFilter, HeaderWriterFilter, CsrfFilter, OidcLogoutEndpointFilter, LogoutFilter, OAuth2AuthorizationServerMetadataEndpointFilter, OAuth2AuthorizationEndpointFilter, OAuth2DeviceVerificationEndpointFilter, OidcProviderConfigurationEndpointFilter, NimbusJwkSetEndpointFilter, OAuth2ClientAuthenticationFilter, UsernamePasswordAuthenticationFilter, BearerTokenAuthenticationFilter, RequestCacheAwareFilter, SecurityContextHolderAwareRequestFilter, AnonymousAuthenticationFilter, ExceptionTranslationFilter, AuthorizationFilter, OAuth2TokenEndpointFilter, OAuth2TokenIntrospectionEndpointFilter, OAuth2TokenRevocationEndpointFilter, OAuth2DeviceAuthorizationEndpointFilter, OidcUserInfoEndpointFilter
2026-09-17T16:20:30.641-04:00 DEBUG 20576 --- [libraryapi] [main] o.s.s.web.DefaultSecurityFilterChain     : Will secure any request with filters: DisableEncodeUrlFilter, WebAsyncManagerIntegrationFilter, SecurityContextHolderFilter, HeaderWriterFilter, LogoutFilter, OAuth2AuthorizationRequestRedirectFilter, OAuth2LoginAuthenticationFilter, UsernamePasswordAuthenticationFilter, BearerTokenAuthenticationFilter, JwtCustomAuthenticationFilter, RequestCacheAwareFilter, SecurityContextHolderAwareRequestFilter, AnonymousAuthenticationFilter, ExceptionTranslationFilter, AuthorizationFilter
2026-09-17T16:20:30.656-04:00  WARN 20576 --- [libraryapi] [main] o.s.s.c.a.web.builders.WebSecurity       : You are asking Spring Security to ignore Deferred [Mvc [pattern='/v2/api-docs/**'], Ant [pattern='/v2/api-docs/**']]. This is not recommended -- please use permitAll via HttpSecurity#authorizeHttpRequests instead.
2026-09-17T16:20:30.657-04:00 DEBUG 20576 --- [libraryapi] [main] o.s.s.web.DefaultSecurityFilterChain     : Will not secure Deferred [Mvc [pattern='/v2/api-docs/**'], Ant [pattern='/v2/api-docs/**']]
2026-09-17T16:20:30.657-04:00  WARN 20576 --- [libraryapi] [main] o.s.s.c.a.web.builders.WebSecurity       : You are asking Spring Security to ignore Deferred [Mvc [pattern='/v3/api-docs/**'], Ant [pattern='/v3/api-docs/**']]. This is not recommended -- please use permitAll via HttpSecurity#authorizeHttpRequests instead.
2026-09-17T16:20:30.658-04:00 DEBUG 20576 --- [libraryapi] [main] o.s.s.web.DefaultSecurityFilterChain     : Will not secure Deferred [Mvc [pattern='/v3/api-docs/**'], Ant [pattern='/v3/api-docs/**']]
2026-09-17T16:20:30.658-04:00  WARN 20576 --- [libraryapi] [main] o.s.s.c.a.web.builders.WebSecurity       : You are asking Spring Security to ignore Deferred [Mvc [pattern='/swagger-resources/**'], Ant [pattern='/swagger-resources/**']]. This is not recommended -- please use permitAll via HttpSecurity#authorizeHttpRequests instead.
2026-09-17T16:20:30.658-04:00 DEBUG 20576 --- [libraryapi] [main] o.s.s.web.DefaultSecurityFilterChain     : Will not secure Deferred [Mvc [pattern='/swagger-resources/**'], Ant [pattern='/swagger-resources/**']]
2026-09-17T16:20:30.658-04:00  WARN 20576 --- [libraryapi] [main] o.s.s.c.a.web.builders.WebSecurity       : You are asking Spring Security to ignore Deferred [Mvc [pattern='/swagger-ui.html'], Ant [pattern='/swagger-ui.html']]. This is not recommended -- please use permitAll via HttpSecurity#authorizeHttpRequests instead.
2026-09-17T16:20:30.658-04:00 DEBUG 20576 --- [libraryapi] [main] o.s.s.web.DefaultSecurityFilterChain     : Will not secure Deferred [Mvc [pattern='/swagger-ui.html'], Ant [pattern='/swagger-ui.html']]
2026-09-17T16:20:30.658-04:00  WARN 20576 --- [libraryapi] [main] o.s.s.c.a.web.builders.WebSecurity       : You are asking Spring Security to ignore Deferred [Mvc [pattern='/swagger-ui/**'], Ant [pattern='/swagger-ui/**']]. This is not recommended -- please use permitAll via HttpSecurity#authorizeHttpRequests instead.
2026-09-17T16:20:30.659-04:00 DEBUG 20576 --- [libraryapi] [main] o.s.s.web.DefaultSecurityFilterChain     : Will not secure Deferred [Mvc [pattern='/swagger-ui/**'], Ant [pattern='/swagger-ui/**']]
2026-09-17T16:20:30.659-04:00  WARN 20576 --- [libraryapi] [main] o.s.s.c.a.web.builders.WebSecurity       : You are asking Spring Security to ignore Deferred [Mvc [pattern='/webjars/**'], Ant [pattern='/webjars/**']]. This is not recommended -- please use permitAll via HttpSecurity#authorizeHttpRequests instead.
2026-09-17T16:20:30.659-04:00 DEBUG 20576 --- [libraryapi] [main] o.s.s.web.DefaultSecurityFilterChain     : Will not secure Deferred [Mvc [pattern='/webjars/**'], Ant [pattern='/webjars/**']]
2026-09-17T16:20:30.659-04:00  WARN 20576 --- [libraryapi] [main] o.s.s.c.a.web.builders.WebSecurity       : You are asking Spring Security to ignore Deferred [Mvc [pattern='/actuator/**'], Ant [pattern='/actuator/**']]. This is not recommended -- please use permitAll via HttpSecurity#authorizeHttpRequests instead.
2026-09-17T16:20:30.659-04:00 DEBUG 20576 --- [libraryapi] [main] o.s.s.web.DefaultSecurityFilterChain     : Will not secure Deferred [Mvc [pattern='/actuator/**'], Ant [pattern='/actuator/**']]
2026-09-17T16:20:30.707-04:00 DEBUG 20576 --- [libraryapi] [main] s.w.s.m.m.a.RequestMappingHandlerAdapter : ControllerAdvice beans: 0 @ModelAttribute, 0 @InitBinder, 1 RequestBodyAdvice, 1 ResponseBodyAdvice
2026-09-17T16:20:30.739-04:00 DEBUG 20576 --- [libraryapi] [main] .m.m.a.ExceptionHandlerExceptionResolver : ControllerAdvice beans: 2 @ExceptionHandler, 1 ResponseBodyAdvice
2026-09-17T16:20:31.156-04:00  INFO 20576 --- [libraryapi] [main] i.g.c.libraryapi.ApplicationTests        : Started ApplicationTests in 6.467 seconds (process running for 7.185)
2026-09-17T16:20:32.419-04:00 DEBUG 20576 --- [libraryapi] [SpringApplicationShutdownHook] o.s.w.c.s.GenericWebApplicationContext   : Closing org.springframework.web.context.support.GenericWebApplicationContext@69e308c6, started on Thu Sep 17 16:20:24 AMT 2026
2026-09-17T16:20:48.104-04:00  INFO 4420 --- [libraryapi] [main] i.g.c.libraryapi.ApplicationTests        : Starting ApplicationTests using Java 21.0.8 with PID 4420 (started by mayco in C:\Users\mayco\IdeaProjects\curso-spring-boot-especialista\libraryapi)
2026-09-17T16:20:48.105-04:00 DEBUG 4420 --- [libraryapi] [main] i.g.c.libraryapi.ApplicationTests        : Running with Spring Boot v3.3.4, Spring v6.1.13
2026-09-17T16:20:48.105-04:00  INFO 4420 --- [libraryapi] [main] i.g.c.libraryapi.ApplicationTests        : No active profile set, falling back to 1 default profile: "default"
2026-09-17T16:20:48.130-04:00 DEBUG 4420 --- [libraryapi] [main] o.s.w.c.s.GenericWebApplicationContext   : Refreshing org.springframework.web.context.support.GenericWebApplicationContext@69e308c6
2026-09-17T16:20:49.779-04:00  INFO 4420 --- [libraryapi] [main] i.g.c.l.config.DatabaseConfiguration     : Iniciando conexão com o banco na URL: jdbc:postgresql://localhost:5432/library
2026-09-17T16:20:49.786-04:00  WARN 4420 --- [libraryapi] [main] com.zaxxer.hikari.HikariConfig           : library-db-pool - idleTimeout is close to or more than maxLifetime, disabling it.
2026-09-17T16:20:52.460-04:00  WARN 4420 --- [libraryapi] [main] JpaBaseConfiguration$JpaWebConfiguration : spring.jpa.open-in-view is enabled by default. Therefore, database queries may be performed during view rendering. Explicitly configure spring.jpa.open-in-view to disable this warning
2026-09-17T16:20:52.489-04:00 TRACE 4420 --- [libraryapi] [main] eGlobalAuthenticationAutowiredConfigurer : Eagerly initializing {authorizationServerConfiguration=io.github.cursodsousa.libraryapi.config.AuthorizationServerConfiguration$$SpringCGLIB$$0@6c04310f, securityConfiguration=io.github.cursodsousa.libraryapi.config.SecurityConfiguration$$SpringCGLIB$$0@4c897417}
2026-09-17T16:20:52.493-04:00  INFO 4420 --- [libraryapi] [main] eAuthenticationProviderManagerConfigurer : Global AuthenticationManager configured with AuthenticationProvider bean with name customAuthenticationProvider
2026-09-17T16:20:52.837-04:00 DEBUG 4420 --- [libraryapi] [main] s.w.s.m.m.a.RequestMappingHandlerMapping : 21 mappings in 'requestMappingHandlerMapping'
2026-09-17T16:20:52.854-04:00 DEBUG 4420 --- [libraryapi] [main] o.s.w.s.handler.SimpleUrlHandlerMapping  : Patterns [/login] in 'viewControllerHandlerMapping'
2026-09-17T16:20:53.028-04:00 DEBUG 4420 --- [libraryapi] [main] o.s.w.s.handler.SimpleUrlHandlerMapping  : Patterns [/swagger-ui*/*swagger-initializer.js, /swagger-ui*/**] in 'resourceHandlerMapping'
2026-09-17T16:20:53.665-04:00 DEBUG 4420 --- [libraryapi] [main] o.s.s.web.DefaultSecurityFilterChain     : Will secure org.springframework.security.oauth2.server.authorization.config.annotation.web.configurers.OAuth2AuthorizationServerConfigurer$$Lambda/0x00000179dbb43f18@66b962b4 with filters: DisableEncodeUrlFilter, WebAsyncManagerIntegrationFilter, SecurityContextHolderFilter, AuthorizationServerContextFilter, HeaderWriterFilter, CsrfFilter, OidcLogoutEndpointFilter, LogoutFilter, OAuth2AuthorizationServerMetadataEndpointFilter, OAuth2AuthorizationEndpointFilter, OAuth2DeviceVerificationEndpointFilter, OidcProviderConfigurationEndpointFilter, NimbusJwkSetEndpointFilter, OAuth2ClientAuthenticationFilter, UsernamePasswordAuthenticationFilter, BearerTokenAuthenticationFilter, RequestCacheAwareFilter, SecurityContextHolderAwareRequestFilter, AnonymousAuthenticationFilter, ExceptionTranslationFilter, AuthorizationFilter, OAuth2TokenEndpointFilter, OAuth2TokenIntrospectionEndpointFilter, OAuth2TokenRevocationEndpointFilter, OAuth2DeviceAuthorizationEndpointFilter, OidcUserInfoEndpointFilter
2026-09-17T16:20:53.697-04:00 DEBUG 4420 --- [libraryapi] [main] o.s.s.web.DefaultSecurityFilterChain     : Will secure any request with filters: DisableEncodeUrlFilter, WebAsyncManagerIntegrationFilter, SecurityContextHolderFilter, HeaderWriterFilter, LogoutFilter, OAuth2AuthorizationRequestRedirectFilter, OAuth2LoginAuthenticationFilter, UsernamePasswordAuthenticationFilter, BearerTokenAuthenticationFilter, JwtCustomAuthenticationFilter, RequestCacheAwareFilter, SecurityContextHolderAwareRequestFilter, AnonymousAuthenticationFilter, ExceptionTranslationFilter, AuthorizationFilter
2026-09-17T16:20:53.704-04:00  WARN 4420 --- [libraryapi] [main] o.s.s.c.a.web.builders.WebSecurity       : You are asking Spring Security to ignore Deferred [Mvc [pattern='/v2/api-docs/**'], Ant [pattern='/v2/api-docs/**']]. This is not recommended -- please use permitAll via HttpSecurity#authorizeHttpRequests instead.
2026-09-17T16:20:53.704-04:00 DEBUG 4420 --- [libraryapi] [main] o.s.s.web.DefaultSecurityFilterChain     : Will not secure Deferred [Mvc [pattern='/v2/api-docs/**'], Ant [pattern='/v2/api-docs/**']]
2026-09-17T16:20:53.704-04:00  WARN 4420 --- [libraryapi] [main] o.s.s.c.a.web.builders.WebSecurity       : You are asking Spring Security to ignore Deferred [Mvc [pattern='/v3/api-docs/**'], Ant [pattern='/v3/api-docs/**']]. This is not recommended -- please use permitAll via HttpSecurity#authorizeHttpRequests instead.
2026-09-17T16:20:53.705-04:00 DEBUG 4420 --- [libraryapi] [main] o.s.s.web.DefaultSecurityFilterChain     : Will not secure Deferred [Mvc [pattern='/v3/api-docs/**'], Ant [pattern='/v3/api-docs/**']]
2026-09-17T16:20:53.705-04:00  WARN 4420 --- [libraryapi] [main] o.s.s.c.a.web.builders.WebSecurity       : You are asking Spring Security to ignore Deferred [Mvc [pattern='/swagger-resources/**'], Ant [pattern='/swagger-resources/**']]. This is not recommended -- please use permitAll via HttpSecurity#authorizeHttpRequests instead.
2026-09-17T16:20:53.705-04:00 DEBUG 4420 --- [libraryapi] [main] o.s.s.web.DefaultSecurityFilterChain     : Will not secure Deferred [Mvc [pattern='/swagger-resources/**'], Ant [pattern='/swagger-resources/**']]
2026-09-17T16:20:53.705-04:00  WARN 4420 --- [libraryapi] [main] o.s.s.c.a.web.builders.WebSecurity       : You are asking Spring Security to ignore Deferred [Mvc [pattern='/swagger-ui.html'], Ant [pattern='/swagger-ui.html']]. This is not recommended -- please use permitAll via HttpSecurity#authorizeHttpRequests instead.
2026-09-17T16:20:53.705-04:00 DEBUG 4420 --- [libraryapi] [main] o.s.s.web.DefaultSecurityFilterChain     : Will not secure Deferred [Mvc [pattern='/swagger-ui.html'], Ant [pattern='/swagger-ui.html']]
2026-09-17T16:20:53.705-04:00  WARN 4420 --- [libraryapi] [main] o.s.s.c.a.web.builders.WebSecurity       : You are asking Spring Security to ignore Deferred [Mvc [pattern='/swagger-ui/**'], Ant [pattern='/swagger-ui/**']]. This is not recommended -- please use permitAll via HttpSecurity#authorizeHttpRequests instead.
2026-09-17T16:20:53.705-04:00 DEBUG 4420 --- [libraryapi] [main] o.s.s.web.DefaultSecurityFilterChain     : Will not secure Deferred [Mvc [pattern='/swagger-ui/**'], Ant [pattern='/swagger-ui/**']]
2026-09-17T16:20:53.705-04:00  WARN 4420 --- [libraryapi] [main] o.s.s.c.a.web.builders.WebSecurity       : You are asking Spring Security to ignore Deferred [Mvc [pattern='/webjars/**'], Ant [pattern='/webjars/**']]. This is not recommended -- please use permitAll via HttpSecurity#authorizeHttpRequests instead.
2026-09-17T16:20:53.706-04:00 DEBUG 4420 --- [libraryapi] [main] o.s.s.web.DefaultSecurityFilterChain     : Will not secure Deferred [Mvc [pattern='/webjars/**'], Ant [pattern='/webjars/**']]
2026-09-17T16:20:53.706-04:00  WARN 4420 --- [libraryapi] [main] o.s.s.c.a.web.builders.WebSecurity       : You are asking Spring Security to ignore Deferred [Mvc [pattern='/actuator/**'], Ant [pattern='/actuator/**']]. This is not recommended -- please use permitAll via HttpSecurity#authorizeHttpRequests instead.
2026-09-17T16:20:53.706-04:00 DEBUG 4420 --- [libraryapi] [main] o.s.s.web.DefaultSecurityFilterChain     : Will not secure Deferred [Mvc [pattern='/actuator/**'], Ant [pattern='/actuator/**']]
2026-09-17T16:20:53.752-04:00 DEBUG 4420 --- [libraryapi] [main] s.w.s.m.m.a.RequestMappingHandlerAdapter : ControllerAdvice beans: 0 @ModelAttribute, 0 @InitBinder, 1 RequestBodyAdvice, 1 ResponseBodyAdvice
2026-09-17T16:20:53.782-04:00 DEBUG 4420 --- [libraryapi] [main] .m.m.a.ExceptionHandlerExceptionResolver : ControllerAdvice beans: 2 @ExceptionHandler, 1 ResponseBodyAdvice
2026-09-17T16:20:54.196-04:00  INFO 4420 --- [libraryapi] [main] i.g.c.libraryapi.ApplicationTests        : Started ApplicationTests in 6.357 seconds (process running for 7.071)
2026-09-17T16:20:55.466-04:00 DEBUG 4420 --- [libraryapi] [SpringApplicationShutdownHook] o.s.w.c.s.GenericWebApplicationContext   : Closing org.springframework.web.context.support.GenericWebApplicationContext@69e308c6, started on Thu Sep 17 16:20:48 AMT 2026
2026-09-17T16:21:15.463-04:00  INFO 29616 --- [libraryapi] [main] i.g.c.libraryapi.ApplicationTests        : Starting ApplicationTests using Java 21.0.8 with PID 29616 (started by mayco in C:\Users\mayco\IdeaProjects\curso-spring-boot-especialista\libraryapi)
2026-09-17T16:21:15.464-04:00 DEBUG 29616 --- [libraryapi] [main] i.g.c.libraryapi.ApplicationTests        : Running with Spring Boot v3.3.4, Spring v6.1.13
2026-09-17T16:21:15.465-04:00  INFO 29616 --- [libraryapi] [main] i.g.c.libraryapi.ApplicationTests        : No active profile set, falling back to 1 default profile: "default"
2026-09-17T16:21:15.488-04:00 DEBUG 29616 --- [libraryapi] [main] o.s.w.c.s.GenericWebApplicationContext   : Refreshing org.springframework.web.context.support.GenericWebApplicationContext@69e308c6
2026-09-17T16:21:17.184-04:00  INFO 29616 --- [libraryapi] [main] i.g.c.l.config.DatabaseConfiguration     : Iniciando conexão com o banco na URL: jdbc:postgresql://localhost:5432/library
2026-09-17T16:21:17.191-04:00  WARN 29616 --- [libraryapi] [main] com.zaxxer.hikari.HikariConfig           : library-db-pool - idleTimeout is close to or more than maxLifetime, disabling it.
2026-09-17T16:21:19.958-04:00  WARN 29616 --- [libraryapi] [main] JpaBaseConfiguration$JpaWebConfiguration : spring.jpa.open-in-view is enabled by default. Therefore, database queries may be performed during view rendering. Explicitly configure spring.jpa.open-in-view to disable this warning
2026-09-17T16:21:19.990-04:00 TRACE 29616 --- [libraryapi] [main] eGlobalAuthenticationAutowiredConfigurer : Eagerly initializing {authorizationServerConfiguration=io.github.cursodsousa.libraryapi.config.AuthorizationServerConfiguration$$SpringCGLIB$$0@32a29361, securityConfiguration=io.github.cursodsousa.libraryapi.config.SecurityConfiguration$$SpringCGLIB$$0@752573df}
2026-09-17T16:21:19.993-04:00  INFO 29616 --- [libraryapi] [main] eAuthenticationProviderManagerConfigurer : Global AuthenticationManager configured with AuthenticationProvider bean with name customAuthenticationProvider
2026-09-17T16:21:20.367-04:00 DEBUG 29616 --- [libraryapi] [main] s.w.s.m.m.a.RequestMappingHandlerMapping : 21 mappings in 'requestMappingHandlerMapping'
2026-09-17T16:21:20.388-04:00 DEBUG 29616 --- [libraryapi] [main] o.s.w.s.handler.SimpleUrlHandlerMapping  : Patterns [/login] in 'viewControllerHandlerMapping'
2026-09-17T16:21:20.573-04:00 DEBUG 29616 --- [libraryapi] [main] o.s.w.s.handler.SimpleUrlHandlerMapping  : Patterns [/swagger-ui*/*swagger-initializer.js, /swagger-ui*/**] in 'resourceHandlerMapping'
2026-09-17T16:21:21.201-04:00 DEBUG 29616 --- [libraryapi] [main] o.s.s.web.DefaultSecurityFilterChain     : Will secure org.springframework.security.oauth2.server.authorization.config.annotation.web.configurers.OAuth2AuthorizationServerConfigurer$$Lambda/0x00000186d7b44348@57c2bedf with filters: DisableEncodeUrlFilter, WebAsyncManagerIntegrationFilter, SecurityContextHolderFilter, AuthorizationServerContextFilter, HeaderWriterFilter, CsrfFilter, OidcLogoutEndpointFilter, LogoutFilter, OAuth2AuthorizationServerMetadataEndpointFilter, OAuth2AuthorizationEndpointFilter, OAuth2DeviceVerificationEndpointFilter, OidcProviderConfigurationEndpointFilter, NimbusJwkSetEndpointFilter, OAuth2ClientAuthenticationFilter, UsernamePasswordAuthenticationFilter, BearerTokenAuthenticationFilter, RequestCacheAwareFilter, SecurityContextHolderAwareRequestFilter, AnonymousAuthenticationFilter, ExceptionTranslationFilter, AuthorizationFilter, OAuth2TokenEndpointFilter, OAuth2TokenIntrospectionEndpointFilter, OAuth2TokenRevocationEndpointFilter, OAuth2DeviceAuthorizationEndpointFilter, OidcUserInfoEndpointFilter
2026-09-17T16:21:21.238-04:00 DEBUG 29616 --- [libraryapi] [main] o.s.s.web.DefaultSecurityFilterChain     : Will secure any request with filters: DisableEncodeUrlFilter, WebAsyncManagerIntegrationFilter, SecurityContextHolderFilter, HeaderWriterFilter, LogoutFilter, OAuth2AuthorizationRequestRedirectFilter, OAuth2LoginAuthenticationFilter, UsernamePasswordAuthenticationFilter, BearerTokenAuthenticationFilter, JwtCustomAuthenticationFilter, RequestCacheAwareFilter, SecurityContextHolderAwareRequestFilter, AnonymousAuthenticationFilter, ExceptionTranslationFilter, AuthorizationFilter
2026-09-17T16:21:21.245-04:00  WARN 29616 --- [libraryapi] [main] o.s.s.c.a.web.builders.WebSecurity       : You are asking Spring Security to ignore Deferred [Mvc [pattern='/v2/api-docs/**'], Ant [pattern='/v2/api-docs/**']]. This is not recommended -- please use permitAll via HttpSecurity#authorizeHttpRequests instead.
2026-09-17T16:21:21.245-04:00 DEBUG 29616 --- [libraryapi] [main] o.s.s.web.DefaultSecurityFilterChain     : Will not secure Deferred [Mvc [pattern='/v2/api-docs/**'], Ant [pattern='/v2/api-docs/**']]
2026-09-17T16:21:21.246-04:00  WARN 29616 --- [libraryapi] [main] o.s.s.c.a.web.builders.WebSecurity       : You are asking Spring Security to ignore Deferred [Mvc [pattern='/v3/api-docs/**'], Ant [pattern='/v3/api-docs/**']]. This is not recommended -- please use permitAll via HttpSecurity#authorizeHttpRequests instead.
2026-09-17T16:21:21.246-04:00 DEBUG 29616 --- [libraryapi] [main] o.s.s.web.DefaultSecurityFilterChain     : Will not secure Deferred [Mvc [pattern='/v3/api-docs/**'], Ant [pattern='/v3/api-docs/**']]
2026-09-17T16:21:21.246-04:00  WARN 29616 --- [libraryapi] [main] o.s.s.c.a.web.builders.WebSecurity       : You are asking Spring Security to ignore Deferred [Mvc [pattern='/swagger-resources/**'], Ant [pattern='/swagger-resources/**']]. This is not recommended -- please use permitAll via HttpSecurity#authorizeHttpRequests instead.
2026-09-17T16:21:21.246-04:00 DEBUG 29616 --- [libraryapi] [main] o.s.s.web.DefaultSecurityFilterChain     : Will not secure Deferred [Mvc [pattern='/swagger-resources/**'], Ant [pattern='/swagger-resources/**']]
2026-09-17T16:21:21.246-04:00  WARN 29616 --- [libraryapi] [main] o.s.s.c.a.web.builders.WebSecurity       : You are asking Spring Security to ignore Deferred [Mvc [pattern='/swagger-ui.html'], Ant [pattern='/swagger-ui.html']]. This is not recommended -- please use permitAll via HttpSecurity#authorizeHttpRequests instead.
2026-09-17T16:21:21.247-04:00 DEBUG 29616 --- [libraryapi] [main] o.s.s.web.DefaultSecurityFilterChain     : Will not secure Deferred [Mvc [pattern='/swagger-ui.html'], Ant [pattern='/swagger-ui.html']]
2026-09-17T16:21:21.247-04:00  WARN 29616 --- [libraryapi] [main] o.s.s.c.a.web.builders.WebSecurity       : You are asking Spring Security to ignore Deferred [Mvc [pattern='/swagger-ui/**'], Ant [pattern='/swagger-ui/**']]. This is not recommended -- please use permitAll via HttpSecurity#authorizeHttpRequests instead.
2026-09-17T16:21:21.247-04:00 DEBUG 29616 --- [libraryapi] [main] o.s.s.web.DefaultSecurityFilterChain     : Will not secure Deferred [Mvc [pattern='/swagger-ui/**'], Ant [pattern='/swagger-ui/**']]
2026-09-17T16:21:21.247-04:00  WARN 29616 --- [libraryapi] [main] o.s.s.c.a.web.builders.WebSecurity       : You are asking Spring Security to ignore Deferred [Mvc [pattern='/webjars/**'], Ant [pattern='/webjars/**']]. This is not recommended -- please use permitAll via HttpSecurity#authorizeHttpRequests instead.
2026-09-17T16:21:21.247-04:00 DEBUG 29616 --- [libraryapi] [main] o.s.s.web.DefaultSecurityFilterChain     : Will not secure Deferred [Mvc [pattern='/webjars/**'], Ant [pattern='/webjars/**']]
2026-09-17T16:21:21.247-04:00  WARN 29616 --- [libraryapi] [main] o.s.s.c.a.web.builders.WebSecurity       : You are asking Spring Security to ignore Deferred [Mvc [pattern='/actuator/**'], Ant [pattern='/actuator/**']]. This is not recommended -- please use permitAll via HttpSecurity#authorizeHttpRequests instead.
2026-09-17T16:21:21.247-04:00 DEBUG 29616 --- [libraryapi] [main] o.s.s.web.DefaultSecurityFilterChain     : Will not secure Deferred [Mvc [pattern='/actuator/**'], Ant [pattern='/actuator/**']]
2026-09-17T16:21:21.296-04:00 DEBUG 29616 --- [libraryapi] [main] s.w.s.m.m.a.RequestMappingHandlerAdapter : ControllerAdvice beans: 0 @ModelAttribute, 0 @InitBinder, 1 RequestBodyAdvice, 1 ResponseBodyAdvice
2026-09-17T16:21:21.332-04:00 DEBUG 29616 --- [libraryapi] [main] .m.m.a.ExceptionHandlerExceptionResolver : ControllerAdvice beans: 2 @ExceptionHandler, 1 ResponseBodyAdvice
2026-09-17T16:21:21.760-04:00  INFO 29616 --- [libraryapi] [main] i.g.c.libraryapi.ApplicationTests        : Started ApplicationTests in 6.54 seconds (process running for 7.207)
2026-09-17T16:21:23.002-04:00 DEBUG 29616 --- [libraryapi] [SpringApplicationShutdownHook] o.s.w.c.s.GenericWebApplicationContext   : Closing org.springframework.web.context.support.GenericWebApplicationContext@69e308c6, started on Thu Sep 17 16:21:15 AMT 2026
2026-09-17T16:22:24.538-04:00  INFO 15376 --- [libraryapi] [main] i.g.c.libraryapi.ApplicationTests        : Starting ApplicationTests using Java 21.0.8 with PID 15376 (started by mayco in C:\Users\mayco\IdeaProjects\curso-spring-boot-especialista\libraryapi)
2026-09-17T16:22:24.539-04:00 DEBUG 15376 --- [libraryapi] [main] i.g.c.libraryapi.ApplicationTests        : Running with Spring Boot v3.3.4, Spring v6.1.13
2026-09-17T16:22:24.539-04:00  INFO 15376 --- [libraryapi] [main] i.g.c.libraryapi.ApplicationTests        : No active profile set, falling back to 1 default profile: "default"
2026-09-17T16:22:24.563-04:00 DEBUG 15376 --- [libraryapi] [main] o.s.w.c.s.GenericWebApplicationContext   : Refreshing org.springframework.web.context.support.GenericWebApplicationContext@69e308c6
2026-09-17T16:22:26.311-04:00  INFO 15376 --- [libraryapi] [main] i.g.c.l.config.DatabaseConfiguration     : Iniciando conexão com o banco na URL: jdbc:postgresql://localhost:5432/library
2026-09-17T16:22:26.319-04:00  WARN 15376 --- [libraryapi] [main] com.zaxxer.hikari.HikariConfig           : library-db-pool - idleTimeout is close to or more than maxLifetime, disabling it.
2026-09-17T16:22:29.170-04:00  WARN 15376 --- [libraryapi] [main] JpaBaseConfiguration$JpaWebConfiguration : spring.jpa.open-in-view is enabled by default. Therefore, database queries may be performed during view rendering. Explicitly configure spring.jpa.open-in-view to disable this warning
2026-09-17T16:22:29.202-04:00 TRACE 15376 --- [libraryapi] [main] eGlobalAuthenticationAutowiredConfigurer : Eagerly initializing {authorizationServerConfiguration=io.github.cursodsousa.libraryapi.config.AuthorizationServerConfiguration$$SpringCGLIB$$0@1f031994, securityConfiguration=io.github.cursodsousa.libraryapi.config.SecurityConfiguration$$SpringCGLIB$$0@6f45be6f}
2026-09-17T16:22:29.207-04:00  INFO 15376 --- [libraryapi] [main] eAuthenticationProviderManagerConfigurer : Global AuthenticationManager configured with AuthenticationProvider bean with name customAuthenticationProvider
2026-09-17T16:22:29.529-04:00 DEBUG 15376 --- [libraryapi] [main] s.w.s.m.m.a.RequestMappingHandlerMapping : 21 mappings in 'requestMappingHandlerMapping'
2026-09-17T16:22:29.545-04:00 DEBUG 15376 --- [libraryapi] [main] o.s.w.s.handler.SimpleUrlHandlerMapping  : Patterns [/login] in 'viewControllerHandlerMapping'
2026-09-17T16:22:29.709-04:00 DEBUG 15376 --- [libraryapi] [main] o.s.w.s.handler.SimpleUrlHandlerMapping  : Patterns [/swagger-ui*/*swagger-initializer.js, /swagger-ui*/**] in 'resourceHandlerMapping'
2026-09-17T16:22:30.532-04:00 DEBUG 15376 --- [libraryapi] [main] o.s.s.web.DefaultSecurityFilterChain     : Will secure org.springframework.security.oauth2.server.authorization.config.annotation.web.configurers.OAuth2AuthorizationServerConfigurer$$Lambda/0x000001d33fb432a0@34a82874 with filters: DisableEncodeUrlFilter, WebAsyncManagerIntegrationFilter, SecurityContextHolderFilter, AuthorizationServerContextFilter, HeaderWriterFilter, CsrfFilter, OidcLogoutEndpointFilter, LogoutFilter, OAuth2AuthorizationServerMetadataEndpointFilter, OAuth2AuthorizationEndpointFilter, OAuth2DeviceVerificationEndpointFilter, OidcProviderConfigurationEndpointFilter, NimbusJwkSetEndpointFilter, OAuth2ClientAuthenticationFilter, UsernamePasswordAuthenticationFilter, BearerTokenAuthenticationFilter, RequestCacheAwareFilter, SecurityContextHolderAwareRequestFilter, AnonymousAuthenticationFilter, ExceptionTranslationFilter, AuthorizationFilter, OAuth2TokenEndpointFilter, OAuth2TokenIntrospectionEndpointFilter, OAuth2TokenRevocationEndpointFilter, OAuth2DeviceAuthorizationEndpointFilter, OidcUserInfoEndpointFilter
2026-09-17T16:22:30.580-04:00 DEBUG 15376 --- [libraryapi] [main] o.s.s.web.DefaultSecurityFilterChain     : Will secure any request with filters: DisableEncodeUrlFilter, WebAsyncManagerIntegrationFilter, SecurityContextHolderFilter, HeaderWriterFilter, LogoutFilter, OAuth2AuthorizationRequestRedirectFilter, OAuth2LoginAuthenticationFilter, UsernamePasswordAuthenticationFilter, BearerTokenAuthenticationFilter, JwtCustomAuthenticationFilter, RequestCacheAwareFilter, SecurityContextHolderAwareRequestFilter, AnonymousAuthenticationFilter, ExceptionTranslationFilter, AuthorizationFilter
2026-09-17T16:22:30.591-04:00  WARN 15376 --- [libraryapi] [main] o.s.s.c.a.web.builders.WebSecurity       : You are asking Spring Security to ignore Deferred [Mvc [pattern='/v2/api-docs/**'], Ant [pattern='/v2/api-docs/**']]. This is not recommended -- please use permitAll via HttpSecurity#authorizeHttpRequests instead.
2026-09-17T16:22:30.592-04:00 DEBUG 15376 --- [libraryapi] [main] o.s.s.web.DefaultSecurityFilterChain     : Will not secure Deferred [Mvc [pattern='/v2/api-docs/**'], Ant [pattern='/v2/api-docs/**']]
2026-09-17T16:22:30.592-04:00  WARN 15376 --- [libraryapi] [main] o.s.s.c.a.web.builders.WebSecurity       : You are asking Spring Security to ignore Deferred [Mvc [pattern='/v3/api-docs/**'], Ant [pattern='/v3/api-docs/**']]. This is not recommended -- please use permitAll via HttpSecurity#authorizeHttpRequests instead.
2026-09-17T16:22:30.592-04:00 DEBUG 15376 --- [libraryapi] [main] o.s.s.web.DefaultSecurityFilterChain     : Will not secure Deferred [Mvc [pattern='/v3/api-docs/**'], Ant [pattern='/v3/api-docs/**']]
2026-09-17T16:22:30.592-04:00  WARN 15376 --- [libraryapi] [main] o.s.s.c.a.web.builders.WebSecurity       : You are asking Spring Security to ignore Deferred [Mvc [pattern='/swagger-resources/**'], Ant [pattern='/swagger-resources/**']]. This is not recommended -- please use permitAll via HttpSecurity#authorizeHttpRequests instead.
2026-09-17T16:22:30.592-04:00 DEBUG 15376 --- [libraryapi] [main] o.s.s.web.DefaultSecurityFilterChain     : Will not secure Deferred [Mvc [pattern='/swagger-resources/**'], Ant [pattern='/swagger-resources/**']]
2026-09-17T16:22:30.593-04:00  WARN 15376 --- [libraryapi] [main] o.s.s.c.a.web.builders.WebSecurity       : You are asking Spring Security to ignore Deferred [Mvc [pattern='/swagger-ui.html'], Ant [pattern='/swagger-ui.html']]. This is not recommended -- please use permitAll via HttpSecurity#authorizeHttpRequests instead.
2026-09-17T16:22:30.593-04:00 DEBUG 15376 --- [libraryapi] [main] o.s.s.web.DefaultSecurityFilterChain     : Will not secure Deferred [Mvc [pattern='/swagger-ui.html'], Ant [pattern='/swagger-ui.html']]
2026-09-17T16:22:30.593-04:00  WARN 15376 --- [libraryapi] [main] o.s.s.c.a.web.builders.WebSecurity       : You are asking Spring Security to ignore Deferred [Mvc [pattern='/swagger-ui/**'], Ant [pattern='/swagger-ui/**']]. This is not recommended -- please use permitAll via HttpSecurity#authorizeHttpRequests instead.
2026-09-17T16:22:30.593-04:00 DEBUG 15376 --- [libraryapi] [main] o.s.s.web.DefaultSecurityFilterChain     : Will not secure Deferred [Mvc [pattern='/swagger-ui/**'], Ant [pattern='/swagger-ui/**']]
2026-09-17T16:22:30.593-04:00  WARN 15376 --- [libraryapi] [main] o.s.s.c.a.web.builders.WebSecurity       : You are asking Spring Security to ignore Deferred [Mvc [pattern='/webjars/**'], Ant [pattern='/webjars/**']]. This is not recommended -- please use permitAll via HttpSecurity#authorizeHttpRequests instead.
2026-09-17T16:22:30.593-04:00 DEBUG 15376 --- [libraryapi] [main] o.s.s.web.DefaultSecurityFilterChain     : Will not secure Deferred [Mvc [pattern='/webjars/**'], Ant [pattern='/webjars/**']]
2026-09-17T16:22:30.594-04:00  WARN 15376 --- [libraryapi] [main] o.s.s.c.a.web.builders.WebSecurity       : You are asking Spring Security to ignore Deferred [Mvc [pattern='/actuator/**'], Ant [pattern='/actuator/**']]. This is not recommended -- please use permitAll via HttpSecurity#authorizeHttpRequests instead.
2026-09-17T16:22:30.594-04:00 DEBUG 15376 --- [libraryapi] [main] o.s.s.web.DefaultSecurityFilterChain     : Will not secure Deferred [Mvc [pattern='/actuator/**'], Ant [pattern='/actuator/**']]
2026-09-17T16:22:30.657-04:00 DEBUG 15376 --- [libraryapi] [main] s.w.s.m.m.a.RequestMappingHandlerAdapter : ControllerAdvice beans: 0 @ModelAttribute, 0 @InitBinder, 1 RequestBodyAdvice, 1 ResponseBodyAdvice
2026-09-17T16:22:30.695-04:00 DEBUG 15376 --- [libraryapi] [main] .m.m.a.ExceptionHandlerExceptionResolver : ControllerAdvice beans: 2 @ExceptionHandler, 1 ResponseBodyAdvice
2026-09-17T16:22:31.218-04:00  INFO 15376 --- [libraryapi] [main] i.g.c.libraryapi.ApplicationTests        : Started ApplicationTests in 6.95 seconds (process running for 7.752)
2026-09-17T16:22:31.682-04:00  WARN 15376 --- [libraryapi] [main] com.zaxxer.hikari.pool.PoolBase          : library-db-pool - Failed to validate connection org.postgresql.jdbc.PgConnection@a57734e (This connection has been closed.). Possibly consider using a shorter maxLifetime value.
2026-09-17T16:22:32.619-04:00 DEBUG 15376 --- [libraryapi] [SpringApplicationShutdownHook] o.s.w.c.s.GenericWebApplicationContext   : Closing org.springframework.web.context.support.GenericWebApplicationContext@69e308c6, started on Thu Sep 17 16:22:24 AMT 2026
2026-09-17T16:23:20.264-04:00  INFO 25088 --- [libraryapi] [main] i.g.c.libraryapi.ApplicationTests        : Starting ApplicationTests using Java 21.0.8 with PID 25088 (started by mayco in C:\Users\mayco\IdeaProjects\curso-spring-boot-especialista\libraryapi)
2026-09-17T16:23:20.265-04:00 DEBUG 25088 --- [libraryapi] [main] i.g.c.libraryapi.ApplicationTests        : Running with Spring Boot v3.3.4, Spring v6.1.13
2026-09-17T16:23:20.265-04:00  INFO 25088 --- [libraryapi] [main] i.g.c.libraryapi.ApplicationTests        : No active profile set, falling back to 1 default profile: "default"
2026-09-17T16:23:20.287-04:00 DEBUG 25088 --- [libraryapi] [main] o.s.w.c.s.GenericWebApplicationContext   : Refreshing org.springframework.web.context.support.GenericWebApplicationContext@69e308c6
2026-09-17T16:23:21.827-04:00  INFO 25088 --- [libraryapi] [main] i.g.c.l.config.DatabaseConfiguration     : Iniciando conexão com o banco na URL: jdbc:postgresql://localhost:5432/library
2026-09-17T16:23:21.832-04:00  WARN 25088 --- [libraryapi] [main] com.zaxxer.hikari.HikariConfig           : library-db-pool - idleTimeout is close to or more than maxLifetime, disabling it.
2026-09-17T16:23:24.733-04:00  WARN 25088 --- [libraryapi] [main] JpaBaseConfiguration$JpaWebConfiguration : spring.jpa.open-in-view is enabled by default. Therefore, database queries may be performed during view rendering. Explicitly configure spring.jpa.open-in-view to disable this warning
2026-09-17T16:23:24.768-04:00 TRACE 25088 --- [libraryapi] [main] eGlobalAuthenticationAutowiredConfigurer : Eagerly initializing {authorizationServerConfiguration=io.github.cursodsousa.libraryapi.config.AuthorizationServerConfiguration$$SpringCGLIB$$0@41db6e4b, securityConfiguration=io.github.cursodsousa.libraryapi.config.SecurityConfiguration$$SpringCGLIB$$0@21d478f3}
2026-09-17T16:23:24.772-04:00  INFO 25088 --- [libraryapi] [main] eAuthenticationProviderManagerConfigurer : Global AuthenticationManager configured with AuthenticationProvider bean with name customAuthenticationProvider
2026-09-17T16:23:25.051-04:00 DEBUG 25088 --- [libraryapi] [main] s.w.s.m.m.a.RequestMappingHandlerMapping : 21 mappings in 'requestMappingHandlerMapping'
2026-09-17T16:23:25.072-04:00 DEBUG 25088 --- [libraryapi] [main] o.s.w.s.handler.SimpleUrlHandlerMapping  : Patterns [/login] in 'viewControllerHandlerMapping'
2026-09-17T16:23:25.251-04:00 DEBUG 25088 --- [libraryapi] [main] o.s.w.s.handler.SimpleUrlHandlerMapping  : Patterns [/swagger-ui*/*swagger-initializer.js, /swagger-ui*/**] in 'resourceHandlerMapping'
2026-09-17T16:23:25.798-04:00 DEBUG 25088 --- [libraryapi] [main] o.s.s.web.DefaultSecurityFilterChain     : Will secure org.springframework.security.oauth2.server.authorization.config.annotation.web.configurers.OAuth2AuthorizationServerConfigurer$$Lambda/0x0000023401b47678@e700641 with filters: DisableEncodeUrlFilter, WebAsyncManagerIntegrationFilter, SecurityContextHolderFilter, AuthorizationServerContextFilter, HeaderWriterFilter, CsrfFilter, OidcLogoutEndpointFilter, LogoutFilter, OAuth2AuthorizationServerMetadataEndpointFilter, OAuth2AuthorizationEndpointFilter, OAuth2DeviceVerificationEndpointFilter, OidcProviderConfigurationEndpointFilter, NimbusJwkSetEndpointFilter, OAuth2ClientAuthenticationFilter, UsernamePasswordAuthenticationFilter, BearerTokenAuthenticationFilter, RequestCacheAwareFilter, SecurityContextHolderAwareRequestFilter, AnonymousAuthenticationFilter, ExceptionTranslationFilter, AuthorizationFilter, OAuth2TokenEndpointFilter, OAuth2TokenIntrospectionEndpointFilter, OAuth2TokenRevocationEndpointFilter, OAuth2DeviceAuthorizationEndpointFilter, OidcUserInfoEndpointFilter
2026-09-17T16:23:25.834-04:00 DEBUG 25088 --- [libraryapi] [main] o.s.s.web.DefaultSecurityFilterChain     : Will secure any request with filters: DisableEncodeUrlFilter, WebAsyncManagerIntegrationFilter, SecurityContextHolderFilter, HeaderWriterFilter, LogoutFilter, OAuth2AuthorizationRequestRedirectFilter, OAuth2LoginAuthenticationFilter, UsernamePasswordAuthenticationFilter, BearerTokenAuthenticationFilter, JwtCustomAuthenticationFilter, RequestCacheAwareFilter, SecurityContextHolderAwareRequestFilter, AnonymousAuthenticationFilter, ExceptionTranslationFilter, AuthorizationFilter
2026-09-17T16:23:25.842-04:00  WARN 25088 --- [libraryapi] [main] o.s.s.c.a.web.builders.WebSecurity       : You are asking Spring Security to ignore Deferred [Mvc [pattern='/v2/api-docs/**'], Ant [pattern='/v2/api-docs/**']]. This is not recommended -- please use permitAll via HttpSecurity#authorizeHttpRequests instead.
2026-09-17T16:23:25.842-04:00 DEBUG 25088 --- [libraryapi] [main] o.s.s.web.DefaultSecurityFilterChain     : Will not secure Deferred [Mvc [pattern='/v2/api-docs/**'], Ant [pattern='/v2/api-docs/**']]
2026-09-17T16:23:25.843-04:00  WARN 25088 --- [libraryapi] [main] o.s.s.c.a.web.builders.WebSecurity       : You are asking Spring Security to ignore Deferred [Mvc [pattern='/v3/api-docs/**'], Ant [pattern='/v3/api-docs/**']]. This is not recommended -- please use permitAll via HttpSecurity#authorizeHttpRequests instead.
2026-09-17T16:23:25.843-04:00 DEBUG 25088 --- [libraryapi] [main] o.s.s.web.DefaultSecurityFilterChain     : Will not secure Deferred [Mvc [pattern='/v3/api-docs/**'], Ant [pattern='/v3/api-docs/**']]
2026-09-17T16:23:25.843-04:00  WARN 25088 --- [libraryapi] [main] o.s.s.c.a.web.builders.WebSecurity       : You are asking Spring Security to ignore Deferred [Mvc [pattern='/swagger-resources/**'], Ant [pattern='/swagger-resources/**']]. This is not recommended -- please use permitAll via HttpSecurity#authorizeHttpRequests instead.
2026-09-17T16:23:25.843-04:00 DEBUG 25088 --- [libraryapi] [main] o.s.s.web.DefaultSecurityFilterChain     : Will not secure Deferred [Mvc [pattern='/swagger-resources/**'], Ant [pattern='/swagger-resources/**']]
2026-09-17T16:23:25.843-04:00  WARN 25088 --- [libraryapi] [main] o.s.s.c.a.web.builders.WebSecurity       : You are asking Spring Security to ignore Deferred [Mvc [pattern='/swagger-ui.html'], Ant [pattern='/swagger-ui.html']]. This is not recommended -- please use permitAll via HttpSecurity#authorizeHttpRequests instead.
2026-09-17T16:23:25.843-04:00 DEBUG 25088 --- [libraryapi] [main] o.s.s.web.DefaultSecurityFilterChain     : Will not secure Deferred [Mvc [pattern='/swagger-ui.html'], Ant [pattern='/swagger-ui.html']]
2026-09-17T16:23:25.844-04:00  WARN 25088 --- [libraryapi] [main] o.s.s.c.a.web.builders.WebSecurity       : You are asking Spring Security to ignore Deferred [Mvc [pattern='/swagger-ui/**'], Ant [pattern='/swagger-ui/**']]. This is not recommended -- please use permitAll via HttpSecurity#authorizeHttpRequests instead.
2026-09-17T16:23:25.844-04:00 DEBUG 25088 --- [libraryapi] [main] o.s.s.web.DefaultSecurityFilterChain     : Will not secure Deferred [Mvc [pattern='/swagger-ui/**'], Ant [pattern='/swagger-ui/**']]
2026-09-17T16:23:25.844-04:00  WARN 25088 --- [libraryapi] [main] o.s.s.c.a.web.builders.WebSecurity       : You are asking Spring Security to ignore Deferred [Mvc [pattern='/webjars/**'], Ant [pattern='/webjars/**']]. This is not recommended -- please use permitAll via HttpSecurity#authorizeHttpRequests instead.
2026-09-17T16:23:25.844-04:00 DEBUG 25088 --- [libraryapi] [main] o.s.s.web.DefaultSecurityFilterChain     : Will not secure Deferred [Mvc [pattern='/webjars/**'], Ant [pattern='/webjars/**']]
2026-09-17T16:23:25.844-04:00  WARN 25088 --- [libraryapi] [main] o.s.s.c.a.web.builders.WebSecurity       : You are asking Spring Security to ignore Deferred [Mvc [pattern='/actuator/**'], Ant [pattern='/actuator/**']]. This is not recommended -- please use permitAll via HttpSecurity#authorizeHttpRequests instead.
2026-09-17T16:23:25.844-04:00 DEBUG 25088 --- [libraryapi] [main] o.s.s.web.DefaultSecurityFilterChain     : Will not secure Deferred [Mvc [pattern='/actuator/**'], Ant [pattern='/actuator/**']]
2026-09-17T16:23:25.888-04:00 DEBUG 25088 --- [libraryapi] [main] s.w.s.m.m.a.RequestMappingHandlerAdapter : ControllerAdvice beans: 0 @ModelAttribute, 0 @InitBinder, 1 RequestBodyAdvice, 1 ResponseBodyAdvice
2026-09-17T16:23:25.915-04:00 DEBUG 25088 --- [libraryapi] [main] .m.m.a.ExceptionHandlerExceptionResolver : ControllerAdvice beans: 2 @ExceptionHandler, 1 ResponseBodyAdvice
2026-09-17T16:23:26.344-04:00  INFO 25088 --- [libraryapi] [main] i.g.c.libraryapi.ApplicationTests        : Started ApplicationTests in 6.31 seconds (process running for 6.993)
2026-09-17T16:23:27.556-04:00 DEBUG 25088 --- [libraryapi] [SpringApplicationShutdownHook] o.s.w.c.s.GenericWebApplicationContext   : Closing org.springframework.web.context.support.GenericWebApplicationContext@69e308c6, started on Thu Sep 17 16:23:20 AMT 2026
